kubernetes	v1.10.0	1.29.0	supported
kubernetes	v1.10.0	1.30.0	supported
kubernetes	v1.10.0	1.31.0	supported
kubernetes	v1.10.0	1.32.0	supported
kubernetes	v1.10.0	1.33.0	supported
kubernetes	v1.10.0	1.34.0	refused: version of Kubernetes 1.34.0 is too new to be used with Talos 1.10.0
kubernetes	v1.10.0	1.35.0	refused: version of Kubernetes 1.35.0 is too new to be used with Talos 1.10.0
kubernetes	v1.10.0	1.36.0	refused: version of Kubernetes 1.36.0 is too new to be used with Talos 1.10.0
kubernetes	v1.10.0	1.36.2	refused: version of Kubernetes 1.36.2 is too new to be used with Talos 1.10.0
kubernetes	v1.10.0	1.37.0	refused: version of Kubernetes 1.37.0 is too new to be used with Talos 1.10.0
upgrade	v1.10.0	from v1.10.0	supported
upgrade	v1.10.0	from v1.11.0	supported
upgrade	v1.10.0	from v1.12.0	refused: host version 1.12.0 is too new to downgrade to Talos 1.10.0
upgrade	v1.10.0	from v1.13.0	refused: host version 1.13.0 is too new to downgrade to Talos 1.10.0
upgrade	v1.10.0	from v1.14.0	refused: host version 1.14.0 is too new to downgrade to Talos 1.10.0
upgrade	v1.10.0	from v1.15.0	refused: host version 1.15.0 is too new to downgrade to Talos 1.10.0
kubernetes	v1.11.0	1.29.0	supported
kubernetes	v1.11.0	1.30.0	supported
kubernetes	v1.11.0	1.31.0	supported
kubernetes	v1.11.0	1.32.0	supported
kubernetes	v1.11.0	1.33.0	supported
kubernetes	v1.11.0	1.34.0	supported
kubernetes	v1.11.0	1.35.0	refused: version of Kubernetes 1.35.0 is too new to be used with Talos 1.11.0
kubernetes	v1.11.0	1.36.0	refused: version of Kubernetes 1.36.0 is too new to be used with Talos 1.11.0
kubernetes	v1.11.0	1.36.2	refused: version of Kubernetes 1.36.2 is too new to be used with Talos 1.11.0
kubernetes	v1.11.0	1.37.0	refused: version of Kubernetes 1.37.0 is too new to be used with Talos 1.11.0
upgrade	v1.11.0	from v1.10.0	supported
upgrade	v1.11.0	from v1.11.0	supported
upgrade	v1.11.0	from v1.12.0	supported
upgrade	v1.11.0	from v1.13.0	refused: host version 1.13.0 is too new to downgrade to Talos 1.11.0
upgrade	v1.11.0	from v1.14.0	refused: host version 1.14.0 is too new to downgrade to Talos 1.11.0
upgrade	v1.11.0	from v1.15.0	refused: host version 1.15.0 is too new to downgrade to Talos 1.11.0
kubernetes	v1.12.0	1.29.0	refused: version of Kubernetes 1.29.0 is too old to be used with Talos 1.12.0
kubernetes	v1.12.0	1.30.0	supported
kubernetes	v1.12.0	1.31.0	supported
kubernetes	v1.12.0	1.32.0	supported
kubernetes	v1.12.0	1.33.0	supported
kubernetes	v1.12.0	1.34.0	supported
kubernetes	v1.12.0	1.35.0	supported
kubernetes	v1.12.0	1.36.0	refused: version of Kubernetes 1.36.0 is too new to be used with Talos 1.12.0
kubernetes	v1.12.0	1.36.2	refused: version of Kubernetes 1.36.2 is too new to be used with Talos 1.12.0
kubernetes	v1.12.0	1.37.0	refused: version of Kubernetes 1.37.0 is too new to be used with Talos 1.12.0
upgrade	v1.12.0	from v1.10.0	supported
upgrade	v1.12.0	from v1.11.0	supported
upgrade	v1.12.0	from v1.12.0	supported
upgrade	v1.12.0	from v1.13.0	supported
upgrade	v1.12.0	from v1.14.0	refused: host version 1.14.0 is too new to downgrade to Talos 1.12.0
upgrade	v1.12.0	from v1.15.0	refused: host version 1.15.0 is too new to downgrade to Talos 1.12.0
kubernetes	v1.13.0	1.29.0	refused: version of Kubernetes 1.29.0 is too old to be used with Talos 1.13.0
kubernetes	v1.13.0	1.30.0	refused: version of Kubernetes 1.30.0 is too old to be used with Talos 1.13.0
kubernetes	v1.13.0	1.31.0	supported
kubernetes	v1.13.0	1.32.0	supported
kubernetes	v1.13.0	1.33.0	supported
kubernetes	v1.13.0	1.34.0	supported
kubernetes	v1.13.0	1.35.0	supported
kubernetes	v1.13.0	1.36.0	supported
kubernetes	v1.13.0	1.36.2	supported
kubernetes	v1.13.0	1.37.0	refused: version of Kubernetes 1.37.0 is too new to be used with Talos 1.13.0
upgrade	v1.13.0	from v1.10.0	refused: host version 1.10.0 is too old to upgrade to Talos 1.13.0
upgrade	v1.13.0	from v1.11.0	supported
upgrade	v1.13.0	from v1.12.0	supported
upgrade	v1.13.0	from v1.13.0	supported
upgrade	v1.13.0	from v1.14.0	supported
upgrade	v1.13.0	from v1.15.0	refused: host version 1.15.0 is too new to downgrade to Talos 1.13.0
kubernetes	v1.14.0	1.29.0	refused: version of Kubernetes 1.29.0 is too old to be used with Talos 1.14.0
kubernetes	v1.14.0	1.30.0	refused: version of Kubernetes 1.30.0 is too old to be used with Talos 1.14.0
kubernetes	v1.14.0	1.31.0	refused: version of Kubernetes 1.31.0 is too old to be used with Talos 1.14.0
kubernetes	v1.14.0	1.32.0	supported
kubernetes	v1.14.0	1.33.0	supported
kubernetes	v1.14.0	1.34.0	supported
kubernetes	v1.14.0	1.35.0	supported
kubernetes	v1.14.0	1.36.0	supported
kubernetes	v1.14.0	1.36.2	supported
kubernetes	v1.14.0	1.37.0	supported
upgrade	v1.14.0	from v1.10.0	refused: host version 1.10.0 is too old to upgrade to Talos 1.14.0
upgrade	v1.14.0	from v1.11.0	refused: host version 1.11.0 is too old to upgrade to Talos 1.14.0
upgrade	v1.14.0	from v1.12.0	supported
upgrade	v1.14.0	from v1.13.0	supported
upgrade	v1.14.0	from v1.14.0	supported
upgrade	v1.14.0	from v1.15.0	supported
kubernetes	v1.15.0	1.29.0	refused: compatibility with version 1.15.0 is not supported
kubernetes	v1.15.0	1.30.0	refused: compatibility with version 1.15.0 is not supported
kubernetes	v1.15.0	1.31.0	refused: compatibility with version 1.15.0 is not supported
kubernetes	v1.15.0	1.32.0	refused: compatibility with version 1.15.0 is not supported
kubernetes	v1.15.0	1.33.0	refused: compatibility with version 1.15.0 is not supported
kubernetes	v1.15.0	1.34.0	refused: compatibility with version 1.15.0 is not supported
kubernetes	v1.15.0	1.35.0	refused: compatibility with version 1.15.0 is not supported
kubernetes	v1.15.0	1.36.0	refused: compatibility with version 1.15.0 is not supported
kubernetes	v1.15.0	1.36.2	refused: compatibility with version 1.15.0 is not supported
kubernetes	v1.15.0	1.37.0	refused: compatibility with version 1.15.0 is not supported
upgrade	v1.15.0	from v1.10.0	refused: upgrades to version 1.15.0 are not supported
upgrade	v1.15.0	from v1.11.0	refused: upgrades to version 1.15.0 are not supported
upgrade	v1.15.0	from v1.12.0	refused: upgrades to version 1.15.0 are not supported
upgrade	v1.15.0	from v1.13.0	refused: upgrades to version 1.15.0 are not supported
upgrade	v1.15.0	from v1.14.0	refused: upgrades to version 1.15.0 are not supported
upgrade	v1.15.0	from v1.15.0	refused: upgrades to version 1.15.0 are not supported
