base	case	item	expected	observed	match
fixture	alias	native	pass	pass	yes
fixture	alias	premise.tag	parity	parity	yes
fixture	alias	premise.marked	parity	parity	yes
fixture	alias	premise.binding	parity	parity	yes
fixture	alias	effective	reg-secret	reg-secret	yes
fixture	alias	overridden	-	-	yes
fixture	alias	unresolved	-	-	yes
fixture	alias	message.patch	none	none	yes
fixture	alias	message.validate	verbatim	verbatim	yes
fixture	alias	leak.none	leak	leak	yes
fixture	alias	leak.value	clean	clean	yes
fixture	alias	leak.resolution-path	leak	clean	no
fixture	alias	leak.schema	clean	clean	yes
fixture	alias	leak.composed-path	clean	clean	yes
fixture	alias	leak.path+schema	clean	clean	yes
fixture	alias	leak.path+schema+value	clean	clean	yes
fixture	alias	base-leak.none	leak	leak	yes
fixture	alias	base-leak.value	clean	clean	yes
fixture	alias	base-leak.resolution-path	leak	leak	yes
fixture	alias	base-leak.schema	clean	clean	yes
fixture	alias	base-leak.composed-path	leak	leak	yes
fixture	alias	base-leak.path+schema	clean	clean	yes
fixture	alias	base-leak.path+schema+value	clean	clean	yes
fixture	alias	fidelity	ok	ok	yes
fixture	bool	native	pass	pass	yes
fixture	bool	premise.tag	parity	parity	yes
fixture	bool	premise.marked	parity	parity	yes
fixture	bool	premise.binding	parity	parity	yes
fixture	bool	effective	wipe	wipe	yes
fixture	bool	overridden	-	-	yes
fixture	bool	unresolved	-	-	yes
fixture	bool	message.patch	none	none	yes
fixture	bool	message.validate	verbatim	verbatim	yes
fixture	bool	leak.none	leak	leak	yes
fixture	bool	leak.value	leak	leak	yes
fixture	bool	leak.resolution-path	clean	clean	yes
fixture	bool	leak.schema	leak	leak	yes
fixture	bool	leak.composed-path	clean	clean	yes
fixture	bool	leak.path+schema	clean	clean	yes
fixture	bool	leak.path+schema+value	clean	clean	yes
fixture	bool	base-leak.none	leak	leak	yes
fixture	bool	base-leak.value	clean	clean	yes
fixture	bool	base-leak.resolution-path	leak	leak	yes
fixture	bool	base-leak.schema	clean	clean	yes
fixture	bool	base-leak.composed-path	leak	leak	yes
fixture	bool	base-leak.path+schema	clean	clean	yes
fixture	bool	base-leak.path+schema+value	clean	clean	yes
fixture	bool	fidelity	ok	ok	yes
fixture	bytes	native	pass	pass	yes
fixture	bytes	premise.tag	parity	parity	yes
fixture	bytes	premise.marked	parity	parity	yes
fixture	bytes	premise.binding	parity	parity	yes
fixture	bytes	effective	extra-ca	extra-ca	yes
fixture	bytes	overridden	-	-	yes
fixture	bytes	unresolved	-	-	yes
fixture	bytes	message.patch	none	none	yes
fixture	bytes	message.validate	verbatim	verbatim	yes
fixture	bytes	leak.none	leak	leak	yes
fixture	bytes	leak.value	leak	leak	yes
fixture	bytes	leak.resolution-path	clean	clean	yes
fixture	bytes	leak.schema	leak	leak	yes
fixture	bytes	leak.composed-path	clean	clean	yes
fixture	bytes	leak.path+schema	clean	clean	yes
fixture	bytes	leak.path+schema+value	clean	clean	yes
fixture	bytes	base-leak.none	leak	leak	yes
fixture	bytes	base-leak.value	clean	clean	yes
fixture	bytes	base-leak.resolution-path	leak	leak	yes
fixture	bytes	base-leak.schema	clean	clean	yes
fixture	bytes	base-leak.composed-path	leak	leak	yes
fixture	bytes	base-leak.path+schema	clean	clean	yes
fixture	bytes	base-leak.path+schema+value	clean	clean	yes
fixture	bytes	fidelity	ok	ok	yes
fixture	collision	native	pass	pass	yes
fixture	collision	premise.tag	parity	parity	yes
fixture	collision	premise.marked	parity	parity	yes
fixture	collision	premise.binding	parity	parity	yes
fixture	collision	effective	reg-pass	reg-pass	yes
fixture	collision	overridden	-	-	yes
fixture	collision	unresolved	-	-	yes
fixture	collision	message.patch	none	none	yes
fixture	collision	message.validate	verbatim	verbatim	yes
fixture	collision	leak.none	leak	leak	yes
fixture	collision	leak.value	clean	clean	yes
fixture	collision	leak.resolution-path	clean	clean	yes
fixture	collision	leak.schema	clean	clean	yes
fixture	collision	leak.composed-path	clean	clean	yes
fixture	collision	leak.path+schema	clean	clean	yes
fixture	collision	leak.path+schema+value	clean	clean	yes
fixture	collision	base-leak.none	leak	leak	yes
fixture	collision	base-leak.value	clean	clean	yes
fixture	collision	base-leak.resolution-path	leak	leak	yes
fixture	collision	base-leak.schema	clean	clean	yes
fixture	collision	base-leak.composed-path	leak	leak	yes
fixture	collision	base-leak.path+schema	clean	clean	yes
fixture	collision	base-leak.path+schema+value	clean	clean	yes
fixture	collision	fidelity	ok	ok	yes
fixture	delete	native	pass	pass	yes
fixture	delete	premise.tag	parity	parity	yes
fixture	delete	premise.marked	parity	parity	yes
fixture	delete	premise.binding	parity	parity	yes
fixture	delete	effective	-	-	yes
fixture	delete	overridden	reg-pass	reg-pass	yes
fixture	delete	unresolved	-	-	yes
fixture	delete	message.patch	none	none	yes
fixture	delete	message.validate	verbatim	verbatim	yes
fixture	delete	leak.none	leak	leak	yes
fixture	delete	leak.value	clean	clean	yes
fixture	delete	leak.resolution-path	clean	clean	yes
fixture	delete	leak.schema	clean	clean	yes
fixture	delete	leak.composed-path	clean	clean	yes
fixture	delete	leak.path+schema	clean	clean	yes
fixture	delete	leak.path+schema+value	clean	clean	yes
fixture	delete	base-leak.none	leak	leak	yes
fixture	delete	base-leak.value	clean	clean	yes
fixture	delete	base-leak.resolution-path	leak	leak	yes
fixture	delete	base-leak.schema	clean	clean	yes
fixture	delete	base-leak.composed-path	leak	leak	yes
fixture	delete	base-leak.path+schema	clean	clean	yes
fixture	delete	base-leak.path+schema+value	clean	clean	yes
fixture	delete	fidelity	ok	ok	yes
fixture	document	native	pass	pass	yes
fixture	document	premise.tag	parity	parity	yes
fixture	document	premise.marked	parity	parity	yes
fixture	document	premise.binding	parity	parity	yes
fixture	document	effective	roots	roots	yes
fixture	document	overridden	-	-	yes
fixture	document	unresolved	-	-	yes
fixture	document	message.patch	none	none	yes
fixture	document	message.validate	verbatim	verbatim	yes
fixture	document	leak.none	leak	leak	yes
fixture	document	leak.value	clean	clean	yes
fixture	document	leak.resolution-path	clean	clean	yes
fixture	document	leak.schema	leak	leak	yes
fixture	document	leak.composed-path	clean	clean	yes
fixture	document	leak.path+schema	clean	clean	yes
fixture	document	leak.path+schema+value	clean	clean	yes
fixture	document	base-leak.none	leak	leak	yes
fixture	document	base-leak.value	clean	clean	yes
fixture	document	base-leak.resolution-path	leak	leak	yes
fixture	document	base-leak.schema	clean	clean	yes
fixture	document	base-leak.composed-path	leak	leak	yes
fixture	document	base-leak.path+schema	clean	clean	yes
fixture	document	base-leak.path+schema+value	clean	clean	yes
fixture	document	fidelity	ok	ok	yes
fixture	duplicate-literal	native	pass	pass	yes
fixture	duplicate-literal	premise.tag	parity	parity	yes
fixture	duplicate-literal	premise.marked	parity	parity	yes
fixture	duplicate-literal	premise.binding	parity	parity	yes
fixture	duplicate-literal	effective	reg-pass	reg-pass	yes
fixture	duplicate-literal	overridden	-	-	yes
fixture	duplicate-literal	unresolved	-	-	yes
fixture	duplicate-literal	message.patch	none	none	yes
fixture	duplicate-literal	message.validate	verbatim	verbatim	yes
fixture	duplicate-literal	leak.none	leak	leak	yes
fixture	duplicate-literal	leak.value	clean	clean	yes
fixture	duplicate-literal	leak.resolution-path	leak	leak	yes
fixture	duplicate-literal	leak.schema	leak	leak	yes
fixture	duplicate-literal	leak.composed-path	leak	leak	yes
fixture	duplicate-literal	leak.path+schema	leak	leak	yes
fixture	duplicate-literal	leak.path+schema+value	clean	clean	yes
fixture	duplicate-literal	base-leak.none	leak	leak	yes
fixture	duplicate-literal	base-leak.value	clean	clean	yes
fixture	duplicate-literal	base-leak.resolution-path	leak	leak	yes
fixture	duplicate-literal	base-leak.schema	clean	clean	yes
fixture	duplicate-literal	base-leak.composed-path	leak	leak	yes
fixture	duplicate-literal	base-leak.path+schema	clean	clean	yes
fixture	duplicate-literal	base-leak.path+schema+value	clean	clean	yes
fixture	duplicate-literal	fidelity	ok	ok	yes
fixture	embedded-json	native	pass	pass	yes
fixture	embedded-json	premise.tag	parity	parity	yes
fixture	embedded-json	premise.marked	parity	parity	yes
fixture	embedded-json	premise.binding	parity	parity	yes
fixture	embedded-json	effective	app-token	app-token	yes
fixture	embedded-json	overridden	-	-	yes
fixture	embedded-json	unresolved	-	-	yes
fixture	embedded-json	message.patch	none	none	yes
fixture	embedded-json	message.validate	verbatim	verbatim	yes
fixture	embedded-json	leak.none	leak	leak	yes
fixture	embedded-json	leak.value	leak	leak	yes
fixture	embedded-json	leak.resolution-path	clean	clean	yes
fixture	embedded-json	leak.schema	leak	leak	yes
fixture	embedded-json	leak.composed-path	clean	clean	yes
fixture	embedded-json	leak.path+schema	clean	clean	yes
fixture	embedded-json	leak.path+schema+value	clean	clean	yes
fixture	embedded-json	base-leak.none	leak	leak	yes
fixture	embedded-json	base-leak.value	clean	clean	yes
fixture	embedded-json	base-leak.resolution-path	leak	leak	yes
fixture	embedded-json	base-leak.schema	clean	clean	yes
fixture	embedded-json	base-leak.composed-path	leak	leak	yes
fixture	embedded-json	base-leak.path+schema	clean	clean	yes
fixture	embedded-json	base-leak.path+schema+value	clean	clean	yes
fixture	embedded-json	fidelity	ok	ok	yes
fixture	embedded-yaml	native	pass	pass	yes
fixture	embedded-yaml	premise.tag	parity	parity	yes
fixture	embedded-yaml	premise.marked	parity	parity	yes
fixture	embedded-yaml	premise.binding	parity	parity	yes
fixture	embedded-yaml	effective	app-pass	app-pass	yes
fixture	embedded-yaml	overridden	-	-	yes
fixture	embedded-yaml	unresolved	-	-	yes
fixture	embedded-yaml	message.patch	none	none	yes
fixture	embedded-yaml	message.validate	verbatim	verbatim	yes
fixture	embedded-yaml	leak.none	leak	leak	yes
fixture	embedded-yaml	leak.value	leak	leak	yes
fixture	embedded-yaml	leak.resolution-path	clean	clean	yes
fixture	embedded-yaml	leak.schema	leak	leak	yes
fixture	embedded-yaml	leak.composed-path	clean	clean	yes
fixture	embedded-yaml	leak.path+schema	clean	clean	yes
fixture	embedded-yaml	leak.path+schema+value	clean	clean	yes
fixture	embedded-yaml	base-leak.none	leak	leak	yes
fixture	embedded-yaml	base-leak.value	clean	clean	yes
fixture	embedded-yaml	base-leak.resolution-path	leak	leak	yes
fixture	embedded-yaml	base-leak.schema	clean	clean	yes
fixture	embedded-yaml	base-leak.composed-path	leak	leak	yes
fixture	embedded-yaml	base-leak.path+schema	clean	clean	yes
fixture	embedded-yaml	base-leak.path+schema+value	clean	clean	yes
fixture	embedded-yaml	fidelity	ok	ok	yes
fixture	int	native	pass	pass	yes
fixture	int	premise.tag	parity	parity	yes
fixture	int	premise.marked	parity	parity	yes
fixture	int	premise.binding	parity	parity	yes
fixture	int	effective	prism-port	prism-port	yes
fixture	int	overridden	-	-	yes
fixture	int	unresolved	-	-	yes
fixture	int	message.patch	none	none	yes
fixture	int	message.validate	verbatim	verbatim	yes
fixture	int	leak.none	leak	leak	yes
fixture	int	leak.value	leak	leak	yes
fixture	int	leak.resolution-path	clean	clean	yes
fixture	int	leak.schema	leak	leak	yes
fixture	int	leak.composed-path	clean	clean	yes
fixture	int	leak.path+schema	clean	clean	yes
fixture	int	leak.path+schema+value	clean	clean	yes
fixture	int	base-leak.none	leak	leak	yes
fixture	int	base-leak.value	clean	clean	yes
fixture	int	base-leak.resolution-path	leak	leak	yes
fixture	int	base-leak.schema	clean	clean	yes
fixture	int	base-leak.composed-path	leak	leak	yes
fixture	int	base-leak.path+schema	clean	clean	yes
fixture	int	base-leak.path+schema+value	clean	clean	yes
fixture	int	fidelity	ok	ok	yes
fixture	invalid-value	native	invalid	invalid	yes
fixture	invalid-value	premise.tag	parity	parity	yes
fixture	invalid-value	premise.marked	parity	parity	yes
fixture	invalid-value	premise.binding	parity	parity	yes
fixture	invalid-value	effective	dns-domain	dns-domain	yes
fixture	invalid-value	overridden	-	-	yes
fixture	invalid-value	unresolved	-	-	yes
fixture	invalid-value	message.patch	none	none	yes
fixture	invalid-value	message.validate	redacted	redacted	yes
fixture	invalid-value	leak.none	leak	leak	yes
fixture	invalid-value	leak.value	clean	clean	yes
fixture	invalid-value	leak.resolution-path	leak	leak	yes
fixture	invalid-value	leak.schema	leak	leak	yes
fixture	invalid-value	leak.composed-path	clean	clean	yes
fixture	invalid-value	leak.path+schema	clean	clean	yes
fixture	invalid-value	leak.path+schema+value	clean	clean	yes
fixture	invalid-value	base-leak.none	leak	leak	yes
fixture	invalid-value	base-leak.value	clean	clean	yes
fixture	invalid-value	base-leak.resolution-path	leak	leak	yes
fixture	invalid-value	base-leak.schema	clean	clean	yes
fixture	invalid-value	base-leak.composed-path	leak	leak	yes
fixture	invalid-value	base-leak.path+schema	clean	clean	yes
fixture	invalid-value	base-leak.path+schema+value	clean	clean	yes
fixture	invalid-value	fidelity	ok	ok	yes
fixture	list-append	native	pass	pass	yes
fixture	list-append	premise.tag	parity	parity	yes
fixture	list-append	premise.marked	parity	parity	yes
fixture	list-append	premise.binding	refused	refused	yes
fixture	list-append	effective	manifest-url	manifest-url	yes
fixture	list-append	overridden	-	-	yes
fixture	list-append	unresolved	-	-	yes
fixture	list-append	message.patch	none	none	yes
fixture	list-append	message.validate	verbatim	verbatim	yes
fixture	list-append	leak.none	leak	leak	yes
fixture	list-append	leak.value	clean	clean	yes
fixture	list-append	leak.resolution-path	leak	leak	yes
fixture	list-append	leak.schema	leak	leak	yes
fixture	list-append	leak.composed-path	clean	clean	yes
fixture	list-append	leak.path+schema	clean	clean	yes
fixture	list-append	leak.path+schema+value	clean	clean	yes
fixture	list-append	base-leak.none	leak	leak	yes
fixture	list-append	base-leak.value	clean	clean	yes
fixture	list-append	base-leak.resolution-path	leak	leak	yes
fixture	list-append	base-leak.schema	clean	clean	yes
fixture	list-append	base-leak.composed-path	leak	leak	yes
fixture	list-append	base-leak.path+schema	clean	clean	yes
fixture	list-append	base-leak.path+schema+value	clean	clean	yes
fixture	list-append	fidelity	ok	ok	yes
fixture	list-duplicate	native	invalid	invalid	yes
fixture	list-duplicate	premise.tag	parity	parity	yes
fixture	list-duplicate	premise.marked	parity	parity	yes
fixture	list-duplicate	premise.binding	parity	parity	yes
fixture	list-duplicate	effective	dup-pass	dup-pass	yes
fixture	list-duplicate	overridden	-	-	yes
fixture	list-duplicate	unresolved	-	-	yes
fixture	list-duplicate	message.patch	none	none	yes
fixture	list-duplicate	message.validate	verbatim	verbatim	yes
fixture	list-duplicate	leak.none	leak	leak	yes
fixture	list-duplicate	leak.value	clean	clean	yes
fixture	list-duplicate	leak.resolution-path	clean	clean	yes
fixture	list-duplicate	leak.schema	leak	leak	yes
fixture	list-duplicate	leak.composed-path	clean	clean	yes
fixture	list-duplicate	leak.path+schema	clean	clean	yes
fixture	list-duplicate	leak.path+schema+value	clean	clean	yes
fixture	list-duplicate	base-leak.none	leak	leak	yes
fixture	list-duplicate	base-leak.value	clean	clean	yes
fixture	list-duplicate	base-leak.resolution-path	leak	leak	yes
fixture	list-duplicate	base-leak.schema	clean	clean	yes
fixture	list-duplicate	base-leak.composed-path	leak	leak	yes
fixture	list-duplicate	base-leak.path+schema	clean	clean	yes
fixture	list-duplicate	base-leak.path+schema+value	clean	clean	yes
fixture	list-duplicate	fidelity	ok	ok	yes
fixture	map	native	pass	pass	yes
fixture	map	premise.tag	parity	parity	yes
fixture	map	premise.marked	parity	parity	yes
fixture	map	premise.binding	parity	parity	yes
fixture	map	effective	reg-auth	reg-auth	yes
fixture	map	overridden	-	-	yes
fixture	map	unresolved	-	-	yes
fixture	map	message.patch	none	none	yes
fixture	map	message.validate	verbatim	verbatim	yes
fixture	map	leak.none	leak	leak	yes
fixture	map	leak.value	clean	clean	yes
fixture	map	leak.resolution-path	clean	clean	yes
fixture	map	leak.schema	leak	leak	yes
fixture	map	leak.composed-path	clean	clean	yes
fixture	map	leak.path+schema	clean	clean	yes
fixture	map	leak.path+schema+value	clean	clean	yes
fixture	map	base-leak.none	leak	leak	yes
fixture	map	base-leak.value	clean	clean	yes
fixture	map	base-leak.resolution-path	leak	leak	yes
fixture	map	base-leak.schema	clean	clean	yes
fixture	map	base-leak.composed-path	leak	leak	yes
fixture	map	base-leak.path+schema	clean	clean	yes
fixture	map	base-leak.path+schema+value	clean	clean	yes
fixture	map	fidelity	ok	ok	yes
fixture	map-partial	native	pass	pass	yes
fixture	map-partial	premise.tag	parity	parity	yes
fixture	map-partial	premise.marked	parity	parity	yes
fixture	map-partial	premise.binding	parity	parity	yes
fixture	map-partial	effective	reg-auth	reg-auth	yes
fixture	map-partial	overridden	reg-auth	reg-auth	yes
fixture	map-partial	unresolved	-	-	yes
fixture	map-partial	message.patch	none	none	yes
fixture	map-partial	message.validate	verbatim	verbatim	yes
fixture	map-partial	leak.none	leak	leak	yes
fixture	map-partial	leak.value	clean	clean	yes
fixture	map-partial	leak.resolution-path	clean	clean	yes
fixture	map-partial	leak.schema	leak	leak	yes
fixture	map-partial	leak.composed-path	clean	clean	yes
fixture	map-partial	leak.path+schema	clean	clean	yes
fixture	map-partial	leak.path+schema+value	clean	clean	yes
fixture	map-partial	base-leak.none	leak	leak	yes
fixture	map-partial	base-leak.value	clean	clean	yes
fixture	map-partial	base-leak.resolution-path	leak	leak	yes
fixture	map-partial	base-leak.schema	clean	clean	yes
fixture	map-partial	base-leak.composed-path	leak	leak	yes
fixture	map-partial	base-leak.path+schema	clean	clean	yes
fixture	map-partial	base-leak.path+schema+value	clean	clean	yes
fixture	map-partial	fidelity	ok	ok	yes
fixture	moved-r1	native	pass	pass	yes
fixture	moved-r1	premise.tag	parity	parity	yes
fixture	moved-r1	premise.marked	parity	parity	yes
fixture	moved-r1	premise.binding	parity	parity	yes
fixture	moved-r1	effective	reg-pass	reg-pass	yes
fixture	moved-r1	overridden	-	-	yes
fixture	moved-r1	unresolved	-	-	yes
fixture	moved-r1	message.patch	none	none	yes
fixture	moved-r1	message.validate	verbatim	verbatim	yes
fixture	moved-r1	leak.none	leak	leak	yes
fixture	moved-r1	leak.value	clean	clean	yes
fixture	moved-r1	leak.resolution-path	clean	clean	yes
fixture	moved-r1	leak.schema	clean	clean	yes
fixture	moved-r1	leak.composed-path	clean	clean	yes
fixture	moved-r1	leak.path+schema	clean	clean	yes
fixture	moved-r1	leak.path+schema+value	clean	clean	yes
fixture	moved-r1	base-leak.none	leak	leak	yes
fixture	moved-r1	base-leak.value	clean	clean	yes
fixture	moved-r1	base-leak.resolution-path	leak	leak	yes
fixture	moved-r1	base-leak.schema	clean	clean	yes
fixture	moved-r1	base-leak.composed-path	leak	leak	yes
fixture	moved-r1	base-leak.path+schema	clean	clean	yes
fixture	moved-r1	base-leak.path+schema+value	clean	clean	yes
fixture	moved-r1	fidelity	ok	ok	yes
fixture	moved-r2	native	pass	pass	yes
fixture	moved-r2	premise.tag	parity	parity	yes
fixture	moved-r2	premise.marked	parity	parity	yes
fixture	moved-r2	premise.binding	parity	parity	yes
fixture	moved-r2	effective	reg-pass	reg-pass	yes
fixture	moved-r2	overridden	-	-	yes
fixture	moved-r2	unresolved	-	-	yes
fixture	moved-r2	message.patch	none	none	yes
fixture	moved-r2	message.validate	verbatim	verbatim	yes
fixture	moved-r2	leak.none	leak	leak	yes
fixture	moved-r2	leak.value	clean	clean	yes
fixture	moved-r2	leak.resolution-path	clean	clean	yes
fixture	moved-r2	leak.schema	clean	clean	yes
fixture	moved-r2	leak.composed-path	clean	clean	yes
fixture	moved-r2	leak.path+schema	clean	clean	yes
fixture	moved-r2	leak.path+schema+value	clean	clean	yes
fixture	moved-r2	base-leak.none	leak	leak	yes
fixture	moved-r2	base-leak.value	clean	clean	yes
fixture	moved-r2	base-leak.resolution-path	leak	leak	yes
fixture	moved-r2	base-leak.schema	clean	clean	yes
fixture	moved-r2	base-leak.composed-path	leak	leak	yes
fixture	moved-r2	base-leak.path+schema	clean	clean	yes
fixture	moved-r2	base-leak.path+schema+value	clean	clean	yes
fixture	moved-r2	fidelity	ok	ok	yes
fixture	override-literal	native	pass	pass	yes
fixture	override-literal	premise.tag	parity	parity	yes
fixture	override-literal	premise.marked	parity	parity	yes
fixture	override-literal	premise.binding	parity	parity	yes
fixture	override-literal	effective	-	-	yes
fixture	override-literal	overridden	reg-pass	reg-pass	yes
fixture	override-literal	unresolved	-	-	yes
fixture	override-literal	message.patch	none	none	yes
fixture	override-literal	message.validate	verbatim	verbatim	yes
fixture	override-literal	leak.none	leak	leak	yes
fixture	override-literal	leak.value	clean	clean	yes
fixture	override-literal	leak.resolution-path	clean	clean	yes
fixture	override-literal	leak.schema	clean	clean	yes
fixture	override-literal	leak.composed-path	clean	clean	yes
fixture	override-literal	leak.path+schema	clean	clean	yes
fixture	override-literal	leak.path+schema+value	clean	clean	yes
fixture	override-literal	base-leak.none	leak	leak	yes
fixture	override-literal	base-leak.value	clean	clean	yes
fixture	override-literal	base-leak.resolution-path	leak	leak	yes
fixture	override-literal	base-leak.schema	clean	clean	yes
fixture	override-literal	base-leak.composed-path	leak	leak	yes
fixture	override-literal	base-leak.path+schema	clean	clean	yes
fixture	override-literal	base-leak.path+schema+value	clean	clean	yes
fixture	override-literal	fidelity	ok	ok	yes
fixture	override-ref	native	pass	pass	yes
fixture	override-ref	premise.tag	parity	parity	yes
fixture	override-ref	premise.marked	parity	parity	yes
fixture	override-ref	premise.binding	parity	parity	yes
fixture	override-ref	effective	reg-pass	reg-pass	yes
fixture	override-ref	overridden	-	-	yes
fixture	override-ref	unresolved	-	-	yes
fixture	override-ref	message.patch	none	none	yes
fixture	override-ref	message.validate	verbatim	verbatim	yes
fixture	override-ref	leak.none	leak	leak	yes
fixture	override-ref	leak.value	clean	clean	yes
fixture	override-ref	leak.resolution-path	clean	clean	yes
fixture	override-ref	leak.schema	clean	clean	yes
fixture	override-ref	leak.composed-path	clean	clean	yes
fixture	override-ref	leak.path+schema	clean	clean	yes
fixture	override-ref	leak.path+schema+value	clean	clean	yes
fixture	override-ref	base-leak.none	leak	leak	yes
fixture	override-ref	base-leak.value	clean	clean	yes
fixture	override-ref	base-leak.resolution-path	leak	leak	yes
fixture	override-ref	base-leak.schema	clean	clean	yes
fixture	override-ref	base-leak.composed-path	leak	leak	yes
fixture	override-ref	base-leak.path+schema	clean	clean	yes
fixture	override-ref	base-leak.path+schema+value	clean	clean	yes
fixture	override-ref	fidelity	ok	ok	yes
fixture	ref-over-ref	native	pass	pass	yes
fixture	ref-over-ref	premise.tag	parity	parity	yes
fixture	ref-over-ref	premise.marked	parity	parity	yes
fixture	ref-over-ref	premise.binding	parity	parity	yes
fixture	ref-over-ref	effective	pass-b	pass-b	yes
fixture	ref-over-ref	overridden	pass-a	pass-a	yes
fixture	ref-over-ref	unresolved	-	-	yes
fixture	ref-over-ref	message.patch	none	none	yes
fixture	ref-over-ref	message.validate	verbatim	verbatim	yes
fixture	ref-over-ref	leak.none	leak	leak	yes
fixture	ref-over-ref	leak.value	clean	clean	yes
fixture	ref-over-ref	leak.resolution-path	clean	clean	yes
fixture	ref-over-ref	leak.schema	clean	clean	yes
fixture	ref-over-ref	leak.composed-path	clean	clean	yes
fixture	ref-over-ref	leak.path+schema	clean	clean	yes
fixture	ref-over-ref	leak.path+schema+value	clean	clean	yes
fixture	ref-over-ref	base-leak.none	leak	leak	yes
fixture	ref-over-ref	base-leak.value	clean	clean	yes
fixture	ref-over-ref	base-leak.resolution-path	leak	leak	yes
fixture	ref-over-ref	base-leak.schema	clean	clean	yes
fixture	ref-over-ref	base-leak.composed-path	leak	leak	yes
fixture	ref-over-ref	base-leak.path+schema	clean	clean	yes
fixture	ref-over-ref	base-leak.path+schema+value	clean	clean	yes
fixture	ref-over-ref	fidelity	ok	ok	yes
fixture	rotate-r1	native	pass	pass	yes
fixture	rotate-r1	premise.tag	parity	parity	yes
fixture	rotate-r1	premise.marked	parity	parity	yes
fixture	rotate-r1	premise.binding	parity	parity	yes
fixture	rotate-r1	effective	reg-pass	reg-pass	yes
fixture	rotate-r1	overridden	-	-	yes
fixture	rotate-r1	unresolved	-	-	yes
fixture	rotate-r1	message.patch	none	none	yes
fixture	rotate-r1	message.validate	verbatim	verbatim	yes
fixture	rotate-r1	leak.none	leak	leak	yes
fixture	rotate-r1	leak.value	clean	clean	yes
fixture	rotate-r1	leak.resolution-path	clean	clean	yes
fixture	rotate-r1	leak.schema	clean	clean	yes
fixture	rotate-r1	leak.composed-path	clean	clean	yes
fixture	rotate-r1	leak.path+schema	clean	clean	yes
fixture	rotate-r1	leak.path+schema+value	clean	clean	yes
fixture	rotate-r1	base-leak.none	leak	leak	yes
fixture	rotate-r1	base-leak.value	clean	clean	yes
fixture	rotate-r1	base-leak.resolution-path	leak	leak	yes
fixture	rotate-r1	base-leak.schema	clean	clean	yes
fixture	rotate-r1	base-leak.composed-path	leak	leak	yes
fixture	rotate-r1	base-leak.path+schema	clean	clean	yes
fixture	rotate-r1	base-leak.path+schema+value	clean	clean	yes
fixture	rotate-r1	fidelity	ok	ok	yes
fixture	rotate-r2	native	pass	pass	yes
fixture	rotate-r2	premise.tag	parity	parity	yes
fixture	rotate-r2	premise.marked	parity	parity	yes
fixture	rotate-r2	premise.binding	parity	parity	yes
fixture	rotate-r2	effective	reg-pass	reg-pass	yes
fixture	rotate-r2	overridden	-	-	yes
fixture	rotate-r2	unresolved	-	-	yes
fixture	rotate-r2	message.patch	none	none	yes
fixture	rotate-r2	message.validate	verbatim	verbatim	yes
fixture	rotate-r2	leak.none	leak	leak	yes
fixture	rotate-r2	leak.value	clean	clean	yes
fixture	rotate-r2	leak.resolution-path	clean	clean	yes
fixture	rotate-r2	leak.schema	clean	clean	yes
fixture	rotate-r2	leak.composed-path	clean	clean	yes
fixture	rotate-r2	leak.path+schema	clean	clean	yes
fixture	rotate-r2	leak.path+schema+value	clean	clean	yes
fixture	rotate-r2	base-leak.none	leak	leak	yes
fixture	rotate-r2	base-leak.value	clean	clean	yes
fixture	rotate-r2	base-leak.resolution-path	leak	leak	yes
fixture	rotate-r2	base-leak.schema	clean	clean	yes
fixture	rotate-r2	base-leak.composed-path	leak	leak	yes
fixture	rotate-r2	base-leak.path+schema	clean	clean	yes
fixture	rotate-r2	base-leak.path+schema+value	clean	clean	yes
fixture	rotate-r2	fidelity	ok	ok	yes
fixture	string	native	pass	pass	yes
fixture	string	premise.tag	parity	parity	yes
fixture	string	premise.marked	parity	parity	yes
fixture	string	premise.binding	parity	parity	yes
fixture	string	effective	reg-pass	reg-pass	yes
fixture	string	overridden	-	-	yes
fixture	string	unresolved	-	-	yes
fixture	string	message.patch	none	none	yes
fixture	string	message.validate	verbatim	verbatim	yes
fixture	string	leak.none	leak	leak	yes
fixture	string	leak.value	clean	clean	yes
fixture	string	leak.resolution-path	clean	clean	yes
fixture	string	leak.schema	clean	clean	yes
fixture	string	leak.composed-path	clean	clean	yes
fixture	string	leak.path+schema	clean	clean	yes
fixture	string	leak.path+schema+value	clean	clean	yes
fixture	string	base-leak.none	leak	leak	yes
fixture	string	base-leak.value	clean	clean	yes
fixture	string	base-leak.resolution-path	leak	leak	yes
fixture	string	base-leak.schema	clean	clean	yes
fixture	string	base-leak.composed-path	leak	leak	yes
fixture	string	base-leak.path+schema	clean	clean	yes
fixture	string	base-leak.path+schema+value	clean	clean	yes
fixture	string	fidelity	ok	ok	yes
fixture	type-mismatch	native	rejected	rejected	yes
fixture	type-mismatch	premise.tag	rejected	rejected	yes
fixture	type-mismatch	premise.marked	rejected	rejected	yes
fixture	type-mismatch	premise.binding	rejected	rejected	yes
fixture	type-mismatch	effective	-	-	yes
fixture	type-mismatch	overridden	-	-	yes
fixture	type-mismatch	unresolved	-	-	yes
fixture	type-mismatch	message.patch	redacted	redacted	yes
fixture	type-mismatch	message.validate	skipped	skipped	yes
fixture	type-mismatch	leak.none	leak	leak	yes
fixture	type-mismatch	leak.value	leak	leak	yes
fixture	type-mismatch	leak.resolution-path	leak	leak	yes
fixture	type-mismatch	leak.schema	leak	leak	yes
fixture	type-mismatch	leak.composed-path	clean	clean	yes
fixture	type-mismatch	leak.path+schema	clean	clean	yes
fixture	type-mismatch	leak.path+schema+value	clean	clean	yes
fixture	type-mismatch	base-leak.none	clean	clean	yes
fixture	type-mismatch	base-leak.value	clean	clean	yes
fixture	type-mismatch	base-leak.resolution-path	clean	clean	yes
fixture	type-mismatch	base-leak.schema	clean	clean	yes
fixture	type-mismatch	base-leak.composed-path	clean	clean	yes
fixture	type-mismatch	base-leak.path+schema	clean	clean	yes
fixture	type-mismatch	base-leak.path+schema+value	clean	clean	yes
fixture	type-mismatch	fidelity	ok	ok	yes
fixture	type-mismatch-two	native	rejected	rejected	yes
fixture	type-mismatch-two	premise.tag	rejected	rejected	yes
fixture	type-mismatch-two	premise.marked	rejected	rejected	yes
fixture	type-mismatch-two	premise.binding	rejected	rejected	yes
fixture	type-mismatch-two	effective	-	-	yes
fixture	type-mismatch-two	overridden	-	-	yes
fixture	type-mismatch-two	unresolved	-	-	yes
fixture	type-mismatch-two	message.patch	redacted	redacted	yes
fixture	type-mismatch-two	message.validate	skipped	skipped	yes
fixture	type-mismatch-two	leak.none	leak	leak	yes
fixture	type-mismatch-two	leak.value	leak	leak	yes
fixture	type-mismatch-two	leak.resolution-path	leak	leak	yes
fixture	type-mismatch-two	leak.schema	leak	leak	yes
fixture	type-mismatch-two	leak.composed-path	clean	clean	yes
fixture	type-mismatch-two	leak.path+schema	clean	clean	yes
fixture	type-mismatch-two	leak.path+schema+value	clean	clean	yes
fixture	type-mismatch-two	base-leak.none	clean	clean	yes
fixture	type-mismatch-two	base-leak.value	clean	clean	yes
fixture	type-mismatch-two	base-leak.resolution-path	clean	clean	yes
fixture	type-mismatch-two	base-leak.schema	clean	clean	yes
fixture	type-mismatch-two	base-leak.composed-path	clean	clean	yes
fixture	type-mismatch-two	base-leak.path+schema	clean	clean	yes
fixture	type-mismatch-two	base-leak.path+schema+value	clean	clean	yes
fixture	type-mismatch-two	fidelity	ok	ok	yes
fixture	unidentified-embedded	native	pass	pass	yes
fixture	unidentified-embedded	premise.tag	differs	differs	yes
fixture	unidentified-embedded	premise.marked	differs	differs	yes
fixture	unidentified-embedded	premise.binding	refused	refused	yes
fixture	unidentified-embedded	effective	-	-	yes
fixture	unidentified-embedded	overridden	-	-	yes
fixture	unidentified-embedded	unresolved	app-pass	app-pass	yes
fixture	unidentified-embedded	message.patch	none	none	yes
fixture	unidentified-embedded	message.validate	verbatim	verbatim	yes
fixture	unidentified-embedded	leak.none	clean	clean	yes
fixture	unidentified-embedded	leak.value	clean	clean	yes
fixture	unidentified-embedded	leak.resolution-path	clean	clean	yes
fixture	unidentified-embedded	leak.schema	clean	clean	yes
fixture	unidentified-embedded	leak.composed-path	clean	clean	yes
fixture	unidentified-embedded	leak.path+schema	clean	clean	yes
fixture	unidentified-embedded	leak.path+schema+value	clean	clean	yes
fixture	unidentified-embedded	base-leak.none	leak	leak	yes
fixture	unidentified-embedded	base-leak.value	clean	clean	yes
fixture	unidentified-embedded	base-leak.resolution-path	leak	leak	yes
fixture	unidentified-embedded	base-leak.schema	clean	clean	yes
fixture	unidentified-embedded	base-leak.composed-path	leak	leak	yes
fixture	unidentified-embedded	base-leak.path+schema	clean	clean	yes
fixture	unidentified-embedded	base-leak.path+schema+value	clean	clean	yes
fixture	unidentified-embedded	fidelity	ok	ok	yes
fixture	whole-content	native	pass	pass	yes
fixture	whole-content	premise.tag	parity	parity	yes
fixture	whole-content	premise.marked	parity	parity	yes
fixture	whole-content	premise.binding	parity	parity	yes
fixture	whole-content	effective	script	script	yes
fixture	whole-content	overridden	-	-	yes
fixture	whole-content	unresolved	-	-	yes
fixture	whole-content	message.patch	none	none	yes
fixture	whole-content	message.validate	verbatim	verbatim	yes
fixture	whole-content	leak.none	leak	leak	yes
fixture	whole-content	leak.value	clean	clean	yes
fixture	whole-content	leak.resolution-path	clean	clean	yes
fixture	whole-content	leak.schema	leak	leak	yes
fixture	whole-content	leak.composed-path	clean	clean	yes
fixture	whole-content	leak.path+schema	clean	clean	yes
fixture	whole-content	leak.path+schema+value	clean	clean	yes
fixture	whole-content	base-leak.none	leak	leak	yes
fixture	whole-content	base-leak.value	clean	clean	yes
fixture	whole-content	base-leak.resolution-path	leak	leak	yes
fixture	whole-content	base-leak.schema	clean	clean	yes
fixture	whole-content	base-leak.composed-path	leak	leak	yes
fixture	whole-content	base-leak.path+schema	clean	clean	yes
fixture	whole-content	base-leak.path+schema+value	clean	clean	yes
fixture	whole-content	fidelity	ok	ok	yes
fixture	yaml-escape	native	pass	pass	yes
fixture	yaml-escape	premise.tag	parity	parity	yes
fixture	yaml-escape	premise.marked	parity	parity	yes
fixture	yaml-escape	premise.binding	parity	parity	yes
fixture	yaml-escape	effective	reg-pass	reg-pass	yes
fixture	yaml-escape	overridden	-	-	yes
fixture	yaml-escape	unresolved	-	-	yes
fixture	yaml-escape	message.patch	none	none	yes
fixture	yaml-escape	message.validate	verbatim	verbatim	yes
fixture	yaml-escape	leak.none	leak	leak	yes
fixture	yaml-escape	leak.value	leak	leak	yes
fixture	yaml-escape	leak.resolution-path	clean	clean	yes
fixture	yaml-escape	leak.schema	clean	clean	yes
fixture	yaml-escape	leak.composed-path	clean	clean	yes
fixture	yaml-escape	leak.path+schema	clean	clean	yes
fixture	yaml-escape	leak.path+schema+value	clean	clean	yes
fixture	yaml-escape	base-leak.none	leak	leak	yes
fixture	yaml-escape	base-leak.value	clean	clean	yes
fixture	yaml-escape	base-leak.resolution-path	leak	leak	yes
fixture	yaml-escape	base-leak.schema	clean	clean	yes
fixture	yaml-escape	base-leak.composed-path	leak	leak	yes
fixture	yaml-escape	base-leak.path+schema	clean	clean	yes
fixture	yaml-escape	base-leak.path+schema+value	clean	clean	yes
fixture	yaml-escape	fidelity	ok	ok	yes
fixture	moved	pair-leak.none	leak	leak	yes
fixture	moved	pair-leak.path+schema+value	clean	clean	yes
fixture	moved	fidelity	ok	ok	yes
fixture	rotate	pair-leak.none	leak	leak	yes
fixture	rotate	pair-leak.path+schema+value	clean	clean	yes
fixture	rotate	fidelity	ok	ok	yes
generated	alias	native	pass	pass	yes
generated	alias	premise.tag	parity	parity	yes
generated	alias	premise.marked	parity	parity	yes
generated	alias	premise.binding	parity	parity	yes
generated	alias	effective	reg-secret	reg-secret	yes
generated	alias	overridden	-	-	yes
generated	alias	unresolved	-	-	yes
generated	alias	message.patch	none	none	yes
generated	alias	message.validate	verbatim	verbatim	yes
generated	alias	leak.none	leak	leak	yes
generated	alias	leak.value	clean	clean	yes
generated	alias	leak.resolution-path	leak	clean	no
generated	alias	leak.schema	clean	clean	yes
generated	alias	leak.composed-path	clean	clean	yes
generated	alias	leak.path+schema	clean	clean	yes
generated	alias	leak.path+schema+value	clean	clean	yes
generated	alias	base-leak.none	leak	leak	yes
generated	alias	base-leak.value	clean	clean	yes
generated	alias	base-leak.resolution-path	leak	leak	yes
generated	alias	base-leak.schema	clean	clean	yes
generated	alias	base-leak.composed-path	leak	leak	yes
generated	alias	base-leak.path+schema	clean	clean	yes
generated	alias	base-leak.path+schema+value	clean	clean	yes
generated	alias	fidelity	ok	ok	yes
generated	bool	native	pass	pass	yes
generated	bool	premise.tag	parity	parity	yes
generated	bool	premise.marked	parity	parity	yes
generated	bool	premise.binding	parity	parity	yes
generated	bool	effective	wipe	wipe	yes
generated	bool	overridden	-	-	yes
generated	bool	unresolved	-	-	yes
generated	bool	message.patch	none	none	yes
generated	bool	message.validate	verbatim	verbatim	yes
generated	bool	leak.none	leak	leak	yes
generated	bool	leak.value	leak	leak	yes
generated	bool	leak.resolution-path	clean	clean	yes
generated	bool	leak.schema	leak	leak	yes
generated	bool	leak.composed-path	clean	clean	yes
generated	bool	leak.path+schema	clean	clean	yes
generated	bool	leak.path+schema+value	clean	clean	yes
generated	bool	base-leak.none	leak	leak	yes
generated	bool	base-leak.value	clean	clean	yes
generated	bool	base-leak.resolution-path	leak	leak	yes
generated	bool	base-leak.schema	clean	clean	yes
generated	bool	base-leak.composed-path	leak	leak	yes
generated	bool	base-leak.path+schema	clean	clean	yes
generated	bool	base-leak.path+schema+value	clean	clean	yes
generated	bool	fidelity	ok	ok	yes
generated	bytes	native	pass	pass	yes
generated	bytes	premise.tag	parity	parity	yes
generated	bytes	premise.marked	parity	parity	yes
generated	bytes	premise.binding	parity	parity	yes
generated	bytes	effective	extra-ca	extra-ca	yes
generated	bytes	overridden	-	-	yes
generated	bytes	unresolved	-	-	yes
generated	bytes	message.patch	none	none	yes
generated	bytes	message.validate	verbatim	verbatim	yes
generated	bytes	leak.none	leak	leak	yes
generated	bytes	leak.value	leak	leak	yes
generated	bytes	leak.resolution-path	clean	clean	yes
generated	bytes	leak.schema	leak	leak	yes
generated	bytes	leak.composed-path	clean	clean	yes
generated	bytes	leak.path+schema	clean	clean	yes
generated	bytes	leak.path+schema+value	clean	clean	yes
generated	bytes	base-leak.none	leak	leak	yes
generated	bytes	base-leak.value	clean	clean	yes
generated	bytes	base-leak.resolution-path	leak	leak	yes
generated	bytes	base-leak.schema	clean	clean	yes
generated	bytes	base-leak.composed-path	leak	leak	yes
generated	bytes	base-leak.path+schema	clean	clean	yes
generated	bytes	base-leak.path+schema+value	clean	clean	yes
generated	bytes	fidelity	ok	ok	yes
generated	collision	native	pass	pass	yes
generated	collision	premise.tag	parity	parity	yes
generated	collision	premise.marked	parity	parity	yes
generated	collision	premise.binding	parity	parity	yes
generated	collision	effective	reg-pass	reg-pass	yes
generated	collision	overridden	-	-	yes
generated	collision	unresolved	-	-	yes
generated	collision	message.patch	none	none	yes
generated	collision	message.validate	verbatim	verbatim	yes
generated	collision	leak.none	leak	leak	yes
generated	collision	leak.value	clean	clean	yes
generated	collision	leak.resolution-path	clean	clean	yes
generated	collision	leak.schema	clean	clean	yes
generated	collision	leak.composed-path	clean	clean	yes
generated	collision	leak.path+schema	clean	clean	yes
generated	collision	leak.path+schema+value	clean	clean	yes
generated	collision	base-leak.none	leak	leak	yes
generated	collision	base-leak.value	clean	clean	yes
generated	collision	base-leak.resolution-path	leak	leak	yes
generated	collision	base-leak.schema	clean	clean	yes
generated	collision	base-leak.composed-path	leak	leak	yes
generated	collision	base-leak.path+schema	clean	clean	yes
generated	collision	base-leak.path+schema+value	clean	clean	yes
generated	collision	fidelity	ok	ok	yes
generated	delete	native	pass	pass	yes
generated	delete	premise.tag	parity	parity	yes
generated	delete	premise.marked	parity	parity	yes
generated	delete	premise.binding	parity	parity	yes
generated	delete	effective	-	-	yes
generated	delete	overridden	reg-pass	reg-pass	yes
generated	delete	unresolved	-	-	yes
generated	delete	message.patch	none	none	yes
generated	delete	message.validate	verbatim	verbatim	yes
generated	delete	leak.none	leak	leak	yes
generated	delete	leak.value	clean	clean	yes
generated	delete	leak.resolution-path	clean	clean	yes
generated	delete	leak.schema	clean	clean	yes
generated	delete	leak.composed-path	clean	clean	yes
generated	delete	leak.path+schema	clean	clean	yes
generated	delete	leak.path+schema+value	clean	clean	yes
generated	delete	base-leak.none	leak	leak	yes
generated	delete	base-leak.value	clean	clean	yes
generated	delete	base-leak.resolution-path	leak	leak	yes
generated	delete	base-leak.schema	clean	clean	yes
generated	delete	base-leak.composed-path	leak	leak	yes
generated	delete	base-leak.path+schema	clean	clean	yes
generated	delete	base-leak.path+schema+value	clean	clean	yes
generated	delete	fidelity	ok	ok	yes
generated	document	native	pass	pass	yes
generated	document	premise.tag	parity	parity	yes
generated	document	premise.marked	parity	parity	yes
generated	document	premise.binding	parity	parity	yes
generated	document	effective	roots	roots	yes
generated	document	overridden	-	-	yes
generated	document	unresolved	-	-	yes
generated	document	message.patch	none	none	yes
generated	document	message.validate	verbatim	verbatim	yes
generated	document	leak.none	leak	leak	yes
generated	document	leak.value	clean	clean	yes
generated	document	leak.resolution-path	clean	clean	yes
generated	document	leak.schema	leak	leak	yes
generated	document	leak.composed-path	clean	clean	yes
generated	document	leak.path+schema	clean	clean	yes
generated	document	leak.path+schema+value	clean	clean	yes
generated	document	base-leak.none	leak	leak	yes
generated	document	base-leak.value	clean	clean	yes
generated	document	base-leak.resolution-path	leak	leak	yes
generated	document	base-leak.schema	clean	clean	yes
generated	document	base-leak.composed-path	leak	leak	yes
generated	document	base-leak.path+schema	clean	clean	yes
generated	document	base-leak.path+schema+value	clean	clean	yes
generated	document	fidelity	ok	ok	yes
generated	duplicate-literal	native	pass	pass	yes
generated	duplicate-literal	premise.tag	parity	parity	yes
generated	duplicate-literal	premise.marked	parity	parity	yes
generated	duplicate-literal	premise.binding	parity	parity	yes
generated	duplicate-literal	effective	reg-pass	reg-pass	yes
generated	duplicate-literal	overridden	-	-	yes
generated	duplicate-literal	unresolved	-	-	yes
generated	duplicate-literal	message.patch	none	none	yes
generated	duplicate-literal	message.validate	verbatim	verbatim	yes
generated	duplicate-literal	leak.none	leak	leak	yes
generated	duplicate-literal	leak.value	clean	clean	yes
generated	duplicate-literal	leak.resolution-path	leak	leak	yes
generated	duplicate-literal	leak.schema	leak	leak	yes
generated	duplicate-literal	leak.composed-path	leak	leak	yes
generated	duplicate-literal	leak.path+schema	leak	leak	yes
generated	duplicate-literal	leak.path+schema+value	clean	clean	yes
generated	duplicate-literal	base-leak.none	leak	leak	yes
generated	duplicate-literal	base-leak.value	clean	clean	yes
generated	duplicate-literal	base-leak.resolution-path	leak	leak	yes
generated	duplicate-literal	base-leak.schema	clean	clean	yes
generated	duplicate-literal	base-leak.composed-path	leak	leak	yes
generated	duplicate-literal	base-leak.path+schema	clean	clean	yes
generated	duplicate-literal	base-leak.path+schema+value	clean	clean	yes
generated	duplicate-literal	fidelity	ok	ok	yes
generated	embedded-json	native	pass	pass	yes
generated	embedded-json	premise.tag	parity	parity	yes
generated	embedded-json	premise.marked	parity	parity	yes
generated	embedded-json	premise.binding	parity	parity	yes
generated	embedded-json	effective	app-token	app-token	yes
generated	embedded-json	overridden	-	-	yes
generated	embedded-json	unresolved	-	-	yes
generated	embedded-json	message.patch	none	none	yes
generated	embedded-json	message.validate	verbatim	verbatim	yes
generated	embedded-json	leak.none	leak	leak	yes
generated	embedded-json	leak.value	leak	leak	yes
generated	embedded-json	leak.resolution-path	clean	clean	yes
generated	embedded-json	leak.schema	leak	leak	yes
generated	embedded-json	leak.composed-path	clean	clean	yes
generated	embedded-json	leak.path+schema	clean	clean	yes
generated	embedded-json	leak.path+schema+value	clean	clean	yes
generated	embedded-json	base-leak.none	leak	leak	yes
generated	embedded-json	base-leak.value	clean	clean	yes
generated	embedded-json	base-leak.resolution-path	leak	leak	yes
generated	embedded-json	base-leak.schema	clean	clean	yes
generated	embedded-json	base-leak.composed-path	leak	leak	yes
generated	embedded-json	base-leak.path+schema	clean	clean	yes
generated	embedded-json	base-leak.path+schema+value	clean	clean	yes
generated	embedded-json	fidelity	ok	ok	yes
generated	embedded-yaml	native	pass	pass	yes
generated	embedded-yaml	premise.tag	parity	parity	yes
generated	embedded-yaml	premise.marked	parity	parity	yes
generated	embedded-yaml	premise.binding	parity	parity	yes
generated	embedded-yaml	effective	app-pass	app-pass	yes
generated	embedded-yaml	overridden	-	-	yes
generated	embedded-yaml	unresolved	-	-	yes
generated	embedded-yaml	message.patch	none	none	yes
generated	embedded-yaml	message.validate	verbatim	verbatim	yes
generated	embedded-yaml	leak.none	leak	leak	yes
generated	embedded-yaml	leak.value	leak	leak	yes
generated	embedded-yaml	leak.resolution-path	clean	clean	yes
generated	embedded-yaml	leak.schema	leak	leak	yes
generated	embedded-yaml	leak.composed-path	clean	clean	yes
generated	embedded-yaml	leak.path+schema	clean	clean	yes
generated	embedded-yaml	leak.path+schema+value	clean	clean	yes
generated	embedded-yaml	base-leak.none	leak	leak	yes
generated	embedded-yaml	base-leak.value	clean	clean	yes
generated	embedded-yaml	base-leak.resolution-path	leak	leak	yes
generated	embedded-yaml	base-leak.schema	clean	clean	yes
generated	embedded-yaml	base-leak.composed-path	leak	leak	yes
generated	embedded-yaml	base-leak.path+schema	clean	clean	yes
generated	embedded-yaml	base-leak.path+schema+value	clean	clean	yes
generated	embedded-yaml	fidelity	ok	ok	yes
generated	int	native	pass	pass	yes
generated	int	premise.tag	parity	parity	yes
generated	int	premise.marked	parity	parity	yes
generated	int	premise.binding	parity	parity	yes
generated	int	effective	prism-port	prism-port	yes
generated	int	overridden	-	-	yes
generated	int	unresolved	-	-	yes
generated	int	message.patch	none	none	yes
generated	int	message.validate	verbatim	verbatim	yes
generated	int	leak.none	leak	leak	yes
generated	int	leak.value	leak	leak	yes
generated	int	leak.resolution-path	clean	clean	yes
generated	int	leak.schema	leak	leak	yes
generated	int	leak.composed-path	clean	clean	yes
generated	int	leak.path+schema	clean	clean	yes
generated	int	leak.path+schema+value	clean	clean	yes
generated	int	base-leak.none	leak	leak	yes
generated	int	base-leak.value	clean	clean	yes
generated	int	base-leak.resolution-path	leak	leak	yes
generated	int	base-leak.schema	clean	clean	yes
generated	int	base-leak.composed-path	leak	leak	yes
generated	int	base-leak.path+schema	clean	clean	yes
generated	int	base-leak.path+schema+value	clean	clean	yes
generated	int	fidelity	ok	ok	yes
generated	invalid-value	native	invalid	invalid	yes
generated	invalid-value	premise.tag	parity	parity	yes
generated	invalid-value	premise.marked	parity	parity	yes
generated	invalid-value	premise.binding	parity	parity	yes
generated	invalid-value	effective	dns-domain	dns-domain	yes
generated	invalid-value	overridden	-	-	yes
generated	invalid-value	unresolved	-	-	yes
generated	invalid-value	message.patch	none	none	yes
generated	invalid-value	message.validate	redacted	redacted	yes
generated	invalid-value	leak.none	leak	leak	yes
generated	invalid-value	leak.value	clean	clean	yes
generated	invalid-value	leak.resolution-path	leak	leak	yes
generated	invalid-value	leak.schema	leak	leak	yes
generated	invalid-value	leak.composed-path	clean	clean	yes
generated	invalid-value	leak.path+schema	clean	clean	yes
generated	invalid-value	leak.path+schema+value	clean	clean	yes
generated	invalid-value	base-leak.none	leak	leak	yes
generated	invalid-value	base-leak.value	clean	clean	yes
generated	invalid-value	base-leak.resolution-path	leak	leak	yes
generated	invalid-value	base-leak.schema	clean	clean	yes
generated	invalid-value	base-leak.composed-path	leak	leak	yes
generated	invalid-value	base-leak.path+schema	clean	clean	yes
generated	invalid-value	base-leak.path+schema+value	clean	clean	yes
generated	invalid-value	fidelity	ok	ok	yes
generated	list-append	native	pass	pass	yes
generated	list-append	premise.tag	parity	parity	yes
generated	list-append	premise.marked	parity	parity	yes
generated	list-append	premise.binding	refused	refused	yes
generated	list-append	effective	manifest-url	manifest-url	yes
generated	list-append	overridden	-	-	yes
generated	list-append	unresolved	-	-	yes
generated	list-append	message.patch	none	none	yes
generated	list-append	message.validate	verbatim	verbatim	yes
generated	list-append	leak.none	leak	leak	yes
generated	list-append	leak.value	clean	clean	yes
generated	list-append	leak.resolution-path	leak	leak	yes
generated	list-append	leak.schema	leak	leak	yes
generated	list-append	leak.composed-path	clean	clean	yes
generated	list-append	leak.path+schema	clean	clean	yes
generated	list-append	leak.path+schema+value	clean	clean	yes
generated	list-append	base-leak.none	leak	leak	yes
generated	list-append	base-leak.value	clean	clean	yes
generated	list-append	base-leak.resolution-path	leak	leak	yes
generated	list-append	base-leak.schema	clean	clean	yes
generated	list-append	base-leak.composed-path	leak	leak	yes
generated	list-append	base-leak.path+schema	clean	clean	yes
generated	list-append	base-leak.path+schema+value	clean	clean	yes
generated	list-append	fidelity	ok	ok	yes
generated	list-duplicate	native	invalid	invalid	yes
generated	list-duplicate	premise.tag	parity	parity	yes
generated	list-duplicate	premise.marked	parity	parity	yes
generated	list-duplicate	premise.binding	parity	parity	yes
generated	list-duplicate	effective	dup-pass	dup-pass	yes
generated	list-duplicate	overridden	-	-	yes
generated	list-duplicate	unresolved	-	-	yes
generated	list-duplicate	message.patch	none	none	yes
generated	list-duplicate	message.validate	verbatim	verbatim	yes
generated	list-duplicate	leak.none	leak	leak	yes
generated	list-duplicate	leak.value	clean	clean	yes
generated	list-duplicate	leak.resolution-path	clean	clean	yes
generated	list-duplicate	leak.schema	leak	leak	yes
generated	list-duplicate	leak.composed-path	clean	clean	yes
generated	list-duplicate	leak.path+schema	clean	clean	yes
generated	list-duplicate	leak.path+schema+value	clean	clean	yes
generated	list-duplicate	base-leak.none	leak	leak	yes
generated	list-duplicate	base-leak.value	clean	clean	yes
generated	list-duplicate	base-leak.resolution-path	leak	leak	yes
generated	list-duplicate	base-leak.schema	clean	clean	yes
generated	list-duplicate	base-leak.composed-path	leak	leak	yes
generated	list-duplicate	base-leak.path+schema	clean	clean	yes
generated	list-duplicate	base-leak.path+schema+value	clean	clean	yes
generated	list-duplicate	fidelity	ok	ok	yes
generated	map	native	pass	pass	yes
generated	map	premise.tag	parity	parity	yes
generated	map	premise.marked	parity	parity	yes
generated	map	premise.binding	parity	parity	yes
generated	map	effective	reg-auth	reg-auth	yes
generated	map	overridden	-	-	yes
generated	map	unresolved	-	-	yes
generated	map	message.patch	none	none	yes
generated	map	message.validate	verbatim	verbatim	yes
generated	map	leak.none	leak	leak	yes
generated	map	leak.value	clean	clean	yes
generated	map	leak.resolution-path	clean	clean	yes
generated	map	leak.schema	leak	leak	yes
generated	map	leak.composed-path	clean	clean	yes
generated	map	leak.path+schema	clean	clean	yes
generated	map	leak.path+schema+value	clean	clean	yes
generated	map	base-leak.none	leak	leak	yes
generated	map	base-leak.value	clean	clean	yes
generated	map	base-leak.resolution-path	leak	leak	yes
generated	map	base-leak.schema	clean	clean	yes
generated	map	base-leak.composed-path	leak	leak	yes
generated	map	base-leak.path+schema	clean	clean	yes
generated	map	base-leak.path+schema+value	clean	clean	yes
generated	map	fidelity	ok	ok	yes
generated	map-partial	native	pass	pass	yes
generated	map-partial	premise.tag	parity	parity	yes
generated	map-partial	premise.marked	parity	parity	yes
generated	map-partial	premise.binding	parity	parity	yes
generated	map-partial	effective	reg-auth	reg-auth	yes
generated	map-partial	overridden	reg-auth	reg-auth	yes
generated	map-partial	unresolved	-	-	yes
generated	map-partial	message.patch	none	none	yes
generated	map-partial	message.validate	verbatim	verbatim	yes
generated	map-partial	leak.none	leak	leak	yes
generated	map-partial	leak.value	clean	clean	yes
generated	map-partial	leak.resolution-path	clean	clean	yes
generated	map-partial	leak.schema	leak	leak	yes
generated	map-partial	leak.composed-path	clean	clean	yes
generated	map-partial	leak.path+schema	clean	clean	yes
generated	map-partial	leak.path+schema+value	clean	clean	yes
generated	map-partial	base-leak.none	leak	leak	yes
generated	map-partial	base-leak.value	clean	clean	yes
generated	map-partial	base-leak.resolution-path	leak	leak	yes
generated	map-partial	base-leak.schema	clean	clean	yes
generated	map-partial	base-leak.composed-path	leak	leak	yes
generated	map-partial	base-leak.path+schema	clean	clean	yes
generated	map-partial	base-leak.path+schema+value	clean	clean	yes
generated	map-partial	fidelity	ok	ok	yes
generated	moved-r1	native	pass	pass	yes
generated	moved-r1	premise.tag	parity	parity	yes
generated	moved-r1	premise.marked	parity	parity	yes
generated	moved-r1	premise.binding	parity	parity	yes
generated	moved-r1	effective	reg-pass	reg-pass	yes
generated	moved-r1	overridden	-	-	yes
generated	moved-r1	unresolved	-	-	yes
generated	moved-r1	message.patch	none	none	yes
generated	moved-r1	message.validate	verbatim	verbatim	yes
generated	moved-r1	leak.none	leak	leak	yes
generated	moved-r1	leak.value	clean	clean	yes
generated	moved-r1	leak.resolution-path	clean	clean	yes
generated	moved-r1	leak.schema	clean	clean	yes
generated	moved-r1	leak.composed-path	clean	clean	yes
generated	moved-r1	leak.path+schema	clean	clean	yes
generated	moved-r1	leak.path+schema+value	clean	clean	yes
generated	moved-r1	base-leak.none	leak	leak	yes
generated	moved-r1	base-leak.value	clean	clean	yes
generated	moved-r1	base-leak.resolution-path	leak	leak	yes
generated	moved-r1	base-leak.schema	clean	clean	yes
generated	moved-r1	base-leak.composed-path	leak	leak	yes
generated	moved-r1	base-leak.path+schema	clean	clean	yes
generated	moved-r1	base-leak.path+schema+value	clean	clean	yes
generated	moved-r1	fidelity	ok	ok	yes
generated	moved-r2	native	pass	pass	yes
generated	moved-r2	premise.tag	parity	parity	yes
generated	moved-r2	premise.marked	parity	parity	yes
generated	moved-r2	premise.binding	parity	parity	yes
generated	moved-r2	effective	reg-pass	reg-pass	yes
generated	moved-r2	overridden	-	-	yes
generated	moved-r2	unresolved	-	-	yes
generated	moved-r2	message.patch	none	none	yes
generated	moved-r2	message.validate	verbatim	verbatim	yes
generated	moved-r2	leak.none	leak	leak	yes
generated	moved-r2	leak.value	clean	clean	yes
generated	moved-r2	leak.resolution-path	clean	clean	yes
generated	moved-r2	leak.schema	clean	clean	yes
generated	moved-r2	leak.composed-path	clean	clean	yes
generated	moved-r2	leak.path+schema	clean	clean	yes
generated	moved-r2	leak.path+schema+value	clean	clean	yes
generated	moved-r2	base-leak.none	leak	leak	yes
generated	moved-r2	base-leak.value	clean	clean	yes
generated	moved-r2	base-leak.resolution-path	leak	leak	yes
generated	moved-r2	base-leak.schema	clean	clean	yes
generated	moved-r2	base-leak.composed-path	leak	leak	yes
generated	moved-r2	base-leak.path+schema	clean	clean	yes
generated	moved-r2	base-leak.path+schema+value	clean	clean	yes
generated	moved-r2	fidelity	ok	ok	yes
generated	override-literal	native	pass	pass	yes
generated	override-literal	premise.tag	parity	parity	yes
generated	override-literal	premise.marked	parity	parity	yes
generated	override-literal	premise.binding	parity	parity	yes
generated	override-literal	effective	-	-	yes
generated	override-literal	overridden	reg-pass	reg-pass	yes
generated	override-literal	unresolved	-	-	yes
generated	override-literal	message.patch	none	none	yes
generated	override-literal	message.validate	verbatim	verbatim	yes
generated	override-literal	leak.none	leak	leak	yes
generated	override-literal	leak.value	clean	clean	yes
generated	override-literal	leak.resolution-path	clean	clean	yes
generated	override-literal	leak.schema	clean	clean	yes
generated	override-literal	leak.composed-path	clean	clean	yes
generated	override-literal	leak.path+schema	clean	clean	yes
generated	override-literal	leak.path+schema+value	clean	clean	yes
generated	override-literal	base-leak.none	leak	leak	yes
generated	override-literal	base-leak.value	clean	clean	yes
generated	override-literal	base-leak.resolution-path	leak	leak	yes
generated	override-literal	base-leak.schema	clean	clean	yes
generated	override-literal	base-leak.composed-path	leak	leak	yes
generated	override-literal	base-leak.path+schema	clean	clean	yes
generated	override-literal	base-leak.path+schema+value	clean	clean	yes
generated	override-literal	fidelity	ok	ok	yes
generated	override-ref	native	pass	pass	yes
generated	override-ref	premise.tag	parity	parity	yes
generated	override-ref	premise.marked	parity	parity	yes
generated	override-ref	premise.binding	parity	parity	yes
generated	override-ref	effective	reg-pass	reg-pass	yes
generated	override-ref	overridden	-	-	yes
generated	override-ref	unresolved	-	-	yes
generated	override-ref	message.patch	none	none	yes
generated	override-ref	message.validate	verbatim	verbatim	yes
generated	override-ref	leak.none	leak	leak	yes
generated	override-ref	leak.value	clean	clean	yes
generated	override-ref	leak.resolution-path	clean	clean	yes
generated	override-ref	leak.schema	clean	clean	yes
generated	override-ref	leak.composed-path	clean	clean	yes
generated	override-ref	leak.path+schema	clean	clean	yes
generated	override-ref	leak.path+schema+value	clean	clean	yes
generated	override-ref	base-leak.none	leak	leak	yes
generated	override-ref	base-leak.value	clean	clean	yes
generated	override-ref	base-leak.resolution-path	leak	leak	yes
generated	override-ref	base-leak.schema	clean	clean	yes
generated	override-ref	base-leak.composed-path	leak	leak	yes
generated	override-ref	base-leak.path+schema	clean	clean	yes
generated	override-ref	base-leak.path+schema+value	clean	clean	yes
generated	override-ref	fidelity	ok	ok	yes
generated	ref-over-ref	native	pass	pass	yes
generated	ref-over-ref	premise.tag	parity	parity	yes
generated	ref-over-ref	premise.marked	parity	parity	yes
generated	ref-over-ref	premise.binding	parity	parity	yes
generated	ref-over-ref	effective	pass-b	pass-b	yes
generated	ref-over-ref	overridden	pass-a	pass-a	yes
generated	ref-over-ref	unresolved	-	-	yes
generated	ref-over-ref	message.patch	none	none	yes
generated	ref-over-ref	message.validate	verbatim	verbatim	yes
generated	ref-over-ref	leak.none	leak	leak	yes
generated	ref-over-ref	leak.value	clean	clean	yes
generated	ref-over-ref	leak.resolution-path	clean	clean	yes
generated	ref-over-ref	leak.schema	clean	clean	yes
generated	ref-over-ref	leak.composed-path	clean	clean	yes
generated	ref-over-ref	leak.path+schema	clean	clean	yes
generated	ref-over-ref	leak.path+schema+value	clean	clean	yes
generated	ref-over-ref	base-leak.none	leak	leak	yes
generated	ref-over-ref	base-leak.value	clean	clean	yes
generated	ref-over-ref	base-leak.resolution-path	leak	leak	yes
generated	ref-over-ref	base-leak.schema	clean	clean	yes
generated	ref-over-ref	base-leak.composed-path	leak	leak	yes
generated	ref-over-ref	base-leak.path+schema	clean	clean	yes
generated	ref-over-ref	base-leak.path+schema+value	clean	clean	yes
generated	ref-over-ref	fidelity	ok	ok	yes
generated	rotate-r1	native	pass	pass	yes
generated	rotate-r1	premise.tag	parity	parity	yes
generated	rotate-r1	premise.marked	parity	parity	yes
generated	rotate-r1	premise.binding	parity	parity	yes
generated	rotate-r1	effective	reg-pass	reg-pass	yes
generated	rotate-r1	overridden	-	-	yes
generated	rotate-r1	unresolved	-	-	yes
generated	rotate-r1	message.patch	none	none	yes
generated	rotate-r1	message.validate	verbatim	verbatim	yes
generated	rotate-r1	leak.none	leak	leak	yes
generated	rotate-r1	leak.value	clean	clean	yes
generated	rotate-r1	leak.resolution-path	clean	clean	yes
generated	rotate-r1	leak.schema	clean	clean	yes
generated	rotate-r1	leak.composed-path	clean	clean	yes
generated	rotate-r1	leak.path+schema	clean	clean	yes
generated	rotate-r1	leak.path+schema+value	clean	clean	yes
generated	rotate-r1	base-leak.none	leak	leak	yes
generated	rotate-r1	base-leak.value	clean	clean	yes
generated	rotate-r1	base-leak.resolution-path	leak	leak	yes
generated	rotate-r1	base-leak.schema	clean	clean	yes
generated	rotate-r1	base-leak.composed-path	leak	leak	yes
generated	rotate-r1	base-leak.path+schema	clean	clean	yes
generated	rotate-r1	base-leak.path+schema+value	clean	clean	yes
generated	rotate-r1	fidelity	ok	ok	yes
generated	rotate-r2	native	pass	pass	yes
generated	rotate-r2	premise.tag	parity	parity	yes
generated	rotate-r2	premise.marked	parity	parity	yes
generated	rotate-r2	premise.binding	parity	parity	yes
generated	rotate-r2	effective	reg-pass	reg-pass	yes
generated	rotate-r2	overridden	-	-	yes
generated	rotate-r2	unresolved	-	-	yes
generated	rotate-r2	message.patch	none	none	yes
generated	rotate-r2	message.validate	verbatim	verbatim	yes
generated	rotate-r2	leak.none	leak	leak	yes
generated	rotate-r2	leak.value	clean	clean	yes
generated	rotate-r2	leak.resolution-path	clean	clean	yes
generated	rotate-r2	leak.schema	clean	clean	yes
generated	rotate-r2	leak.composed-path	clean	clean	yes
generated	rotate-r2	leak.path+schema	clean	clean	yes
generated	rotate-r2	leak.path+schema+value	clean	clean	yes
generated	rotate-r2	base-leak.none	leak	leak	yes
generated	rotate-r2	base-leak.value	clean	clean	yes
generated	rotate-r2	base-leak.resolution-path	leak	leak	yes
generated	rotate-r2	base-leak.schema	clean	clean	yes
generated	rotate-r2	base-leak.composed-path	leak	leak	yes
generated	rotate-r2	base-leak.path+schema	clean	clean	yes
generated	rotate-r2	base-leak.path+schema+value	clean	clean	yes
generated	rotate-r2	fidelity	ok	ok	yes
generated	string	native	pass	pass	yes
generated	string	premise.tag	parity	parity	yes
generated	string	premise.marked	parity	parity	yes
generated	string	premise.binding	parity	parity	yes
generated	string	effective	reg-pass	reg-pass	yes
generated	string	overridden	-	-	yes
generated	string	unresolved	-	-	yes
generated	string	message.patch	none	none	yes
generated	string	message.validate	verbatim	verbatim	yes
generated	string	leak.none	leak	leak	yes
generated	string	leak.value	clean	clean	yes
generated	string	leak.resolution-path	clean	clean	yes
generated	string	leak.schema	clean	clean	yes
generated	string	leak.composed-path	clean	clean	yes
generated	string	leak.path+schema	clean	clean	yes
generated	string	leak.path+schema+value	clean	clean	yes
generated	string	base-leak.none	leak	leak	yes
generated	string	base-leak.value	clean	clean	yes
generated	string	base-leak.resolution-path	leak	leak	yes
generated	string	base-leak.schema	clean	clean	yes
generated	string	base-leak.composed-path	leak	leak	yes
generated	string	base-leak.path+schema	clean	clean	yes
generated	string	base-leak.path+schema+value	clean	clean	yes
generated	string	fidelity	ok	ok	yes
generated	type-mismatch	native	rejected	rejected	yes
generated	type-mismatch	premise.tag	rejected	rejected	yes
generated	type-mismatch	premise.marked	rejected	rejected	yes
generated	type-mismatch	premise.binding	rejected	rejected	yes
generated	type-mismatch	effective	-	-	yes
generated	type-mismatch	overridden	-	-	yes
generated	type-mismatch	unresolved	-	-	yes
generated	type-mismatch	message.patch	redacted	redacted	yes
generated	type-mismatch	message.validate	skipped	skipped	yes
generated	type-mismatch	leak.none	leak	leak	yes
generated	type-mismatch	leak.value	leak	leak	yes
generated	type-mismatch	leak.resolution-path	leak	leak	yes
generated	type-mismatch	leak.schema	leak	leak	yes
generated	type-mismatch	leak.composed-path	clean	clean	yes
generated	type-mismatch	leak.path+schema	clean	clean	yes
generated	type-mismatch	leak.path+schema+value	clean	clean	yes
generated	type-mismatch	base-leak.none	clean	clean	yes
generated	type-mismatch	base-leak.value	clean	clean	yes
generated	type-mismatch	base-leak.resolution-path	clean	clean	yes
generated	type-mismatch	base-leak.schema	clean	clean	yes
generated	type-mismatch	base-leak.composed-path	clean	clean	yes
generated	type-mismatch	base-leak.path+schema	clean	clean	yes
generated	type-mismatch	base-leak.path+schema+value	clean	clean	yes
generated	type-mismatch	fidelity	ok	ok	yes
generated	type-mismatch-two	native	rejected	rejected	yes
generated	type-mismatch-two	premise.tag	rejected	rejected	yes
generated	type-mismatch-two	premise.marked	rejected	rejected	yes
generated	type-mismatch-two	premise.binding	rejected	rejected	yes
generated	type-mismatch-two	effective	-	-	yes
generated	type-mismatch-two	overridden	-	-	yes
generated	type-mismatch-two	unresolved	-	-	yes
generated	type-mismatch-two	message.patch	redacted	redacted	yes
generated	type-mismatch-two	message.validate	skipped	skipped	yes
generated	type-mismatch-two	leak.none	leak	leak	yes
generated	type-mismatch-two	leak.value	leak	leak	yes
generated	type-mismatch-two	leak.resolution-path	leak	leak	yes
generated	type-mismatch-two	leak.schema	leak	leak	yes
generated	type-mismatch-two	leak.composed-path	clean	clean	yes
generated	type-mismatch-two	leak.path+schema	clean	clean	yes
generated	type-mismatch-two	leak.path+schema+value	clean	clean	yes
generated	type-mismatch-two	base-leak.none	clean	clean	yes
generated	type-mismatch-two	base-leak.value	clean	clean	yes
generated	type-mismatch-two	base-leak.resolution-path	clean	clean	yes
generated	type-mismatch-two	base-leak.schema	clean	clean	yes
generated	type-mismatch-two	base-leak.composed-path	clean	clean	yes
generated	type-mismatch-two	base-leak.path+schema	clean	clean	yes
generated	type-mismatch-two	base-leak.path+schema+value	clean	clean	yes
generated	type-mismatch-two	fidelity	ok	ok	yes
generated	unidentified-embedded	native	pass	pass	yes
generated	unidentified-embedded	premise.tag	differs	differs	yes
generated	unidentified-embedded	premise.marked	differs	differs	yes
generated	unidentified-embedded	premise.binding	refused	refused	yes
generated	unidentified-embedded	effective	-	-	yes
generated	unidentified-embedded	overridden	-	-	yes
generated	unidentified-embedded	unresolved	app-pass	app-pass	yes
generated	unidentified-embedded	message.patch	none	none	yes
generated	unidentified-embedded	message.validate	verbatim	verbatim	yes
generated	unidentified-embedded	leak.none	clean	clean	yes
generated	unidentified-embedded	leak.value	clean	clean	yes
generated	unidentified-embedded	leak.resolution-path	clean	clean	yes
generated	unidentified-embedded	leak.schema	clean	clean	yes
generated	unidentified-embedded	leak.composed-path	clean	clean	yes
generated	unidentified-embedded	leak.path+schema	clean	clean	yes
generated	unidentified-embedded	leak.path+schema+value	clean	clean	yes
generated	unidentified-embedded	base-leak.none	leak	leak	yes
generated	unidentified-embedded	base-leak.value	clean	clean	yes
generated	unidentified-embedded	base-leak.resolution-path	leak	leak	yes
generated	unidentified-embedded	base-leak.schema	clean	clean	yes
generated	unidentified-embedded	base-leak.composed-path	leak	leak	yes
generated	unidentified-embedded	base-leak.path+schema	clean	clean	yes
generated	unidentified-embedded	base-leak.path+schema+value	clean	clean	yes
generated	unidentified-embedded	fidelity	ok	ok	yes
generated	whole-content	native	pass	pass	yes
generated	whole-content	premise.tag	parity	parity	yes
generated	whole-content	premise.marked	parity	parity	yes
generated	whole-content	premise.binding	parity	parity	yes
generated	whole-content	effective	script	script	yes
generated	whole-content	overridden	-	-	yes
generated	whole-content	unresolved	-	-	yes
generated	whole-content	message.patch	none	none	yes
generated	whole-content	message.validate	verbatim	verbatim	yes
generated	whole-content	leak.none	leak	leak	yes
generated	whole-content	leak.value	clean	clean	yes
generated	whole-content	leak.resolution-path	clean	clean	yes
generated	whole-content	leak.schema	leak	leak	yes
generated	whole-content	leak.composed-path	clean	clean	yes
generated	whole-content	leak.path+schema	clean	clean	yes
generated	whole-content	leak.path+schema+value	clean	clean	yes
generated	whole-content	base-leak.none	leak	leak	yes
generated	whole-content	base-leak.value	clean	clean	yes
generated	whole-content	base-leak.resolution-path	leak	leak	yes
generated	whole-content	base-leak.schema	clean	clean	yes
generated	whole-content	base-leak.composed-path	leak	leak	yes
generated	whole-content	base-leak.path+schema	clean	clean	yes
generated	whole-content	base-leak.path+schema+value	clean	clean	yes
generated	whole-content	fidelity	ok	ok	yes
generated	yaml-escape	native	pass	pass	yes
generated	yaml-escape	premise.tag	parity	parity	yes
generated	yaml-escape	premise.marked	parity	parity	yes
generated	yaml-escape	premise.binding	parity	parity	yes
generated	yaml-escape	effective	reg-pass	reg-pass	yes
generated	yaml-escape	overridden	-	-	yes
generated	yaml-escape	unresolved	-	-	yes
generated	yaml-escape	message.patch	none	none	yes
generated	yaml-escape	message.validate	verbatim	verbatim	yes
generated	yaml-escape	leak.none	leak	leak	yes
generated	yaml-escape	leak.value	leak	leak	yes
generated	yaml-escape	leak.resolution-path	clean	clean	yes
generated	yaml-escape	leak.schema	clean	clean	yes
generated	yaml-escape	leak.composed-path	clean	clean	yes
generated	yaml-escape	leak.path+schema	clean	clean	yes
generated	yaml-escape	leak.path+schema+value	clean	clean	yes
generated	yaml-escape	base-leak.none	leak	leak	yes
generated	yaml-escape	base-leak.value	clean	clean	yes
generated	yaml-escape	base-leak.resolution-path	leak	leak	yes
generated	yaml-escape	base-leak.schema	clean	clean	yes
generated	yaml-escape	base-leak.composed-path	leak	leak	yes
generated	yaml-escape	base-leak.path+schema	clean	clean	yes
generated	yaml-escape	base-leak.path+schema+value	clean	clean	yes
generated	yaml-escape	fidelity	ok	ok	yes
generated	moved	pair-leak.none	leak	leak	yes
generated	moved	pair-leak.path+schema+value	clean	clean	yes
generated	moved	fidelity	ok	ok	yes
generated	rotate	pair-leak.none	leak	leak	yes
generated	rotate	pair-leak.path+schema+value	clean	clean	yes
generated	rotate	fidelity	ok	ok	yes
