base	case	occurrence	ref	version	modifier	leaf	fragment	fragment-sha256	source-doc	source-path	status	output-doc	output-path	overridden-by
fixture	alias	0	reg-secret	1	-	-	f1.yaml	7393ea0c2b2547448fa39800c2f56921f0d673557435508cb6c1d97f2ad9ccf2	v1alpha1	machine/registries/config/registry.example.test/auth/password	effective	v1alpha1	machine/registries/config/mirror.example.test/auth/password	-
fixture	alias	0	reg-secret	1	-	-	f1.yaml	7393ea0c2b2547448fa39800c2f56921f0d673557435508cb6c1d97f2ad9ccf2	v1alpha1	machine/registries/config/registry.example.test/auth/password	effective	v1alpha1	machine/registries/config/registry.example.test/auth/password	-
fixture	bool	0	wipe	1	-	-	f1.yaml	4543c78af26d03ab7e1343f0efd5ba387044dd8e3787074bad66158c48a02864	v1alpha1	machine/install/wipe	effective	v1alpha1	machine/install/wipe	-
fixture	bytes	0	extra-ca	1	base64	-	f1.yaml	704449b820877d0b52c2b25ab6f34db09e3d272b3078cdbfc48e930f86a08ee9	v1alpha1	machine/acceptedCAs[0]/crt	effective	v1alpha1	machine/acceptedCAs[0]/crt	-
fixture	collision	0	reg-pass	1	-	-	f2.yaml	0bbc5cb9de2299e6356e766e1363461a64b3ac27b20e21f30686ce4469647beb	v1alpha1	machine/registries/config/mirror.example.test/auth/password	effective	v1alpha1	machine/registries/config/mirror.example.test/auth/password	-
fixture	delete	0	reg-pass	1	-	-	f1.yaml	285a05982cec64d417d09846518cc3a45dc2814bbe0fe3ba9ee62eb234c7658c	v1alpha1	machine/registries/config/registry.example.test/auth/password	overridden	-	-	f2.yaml
fixture	document	0	roots	1	-	-	f1.yaml	c1af09f4783106f932b4feb79a1a105d132401f30d400b1df99617c50c159c59	TrustedRootsConfig/e2-roots	certificates	effective	TrustedRootsConfig/e2-roots	certificates	-
fixture	duplicate-literal	0	reg-pass	1	-	-	f1.yaml	64e241a8cfb27a3a71510c11f03c4d96e5f28311dc263f7505d4419acc35c77a	v1alpha1	machine/registries/config/registry.example.test/auth/password	effective	v1alpha1	machine/registries/config/registry.example.test/auth/password	-
fixture	embedded-json	0	app-token	1	-	-	f1.yaml	304565443a1027d3f6dbc626b4d7cf071c34cfa5e325335fbfc07aaf9feb6e04	v1alpha1	machine/files[path=/var/etc/e2/config.json]/content|json/token	effective	v1alpha1	machine/files[path=/var/etc/e2/config.json]/content|json/token	-
fixture	embedded-yaml	0	app-pass	1	-	-	f1.yaml	d6084559f3bfa34607f8e40761b7d931fd6b34423136a2ea0c24501172363525	v1alpha1	cluster/inlineManifests[name=e2-secret]/contents|yaml/stringData/password	effective	v1alpha1	cluster/inlineManifests[name=e2-secret]/contents|yaml/stringData/password	-
fixture	int	0	prism-port	1	-	-	f1.yaml	e8f8830a6ffa7c97dccbe9d4e7d4c1f8108a68d9c606e4f3f2c27e41950b6ea8	v1alpha1	machine/features/kubePrism/port	effective	v1alpha1	machine/features/kubePrism/port	-
fixture	invalid-value	0	dns-domain	1	-	-	f1.yaml	7b017a225276a88918336c8484a131fb64436567e45111a16d0207f2cee1e240	v1alpha1	cluster/network/dnsDomain	effective	v1alpha1	cluster/network/dnsDomain	-
fixture	list-append	0	manifest-url	1	-	-	f2.yaml	ff049cd32ef8b8eedffd69f4a3cd69fdbdc628b8baf497d0de0ffc32aad3f539	v1alpha1	cluster/extraManifests[0]	effective	v1alpha1	cluster/extraManifests[1]	-
fixture	list-duplicate	0	dup-pass	1	-	-	f2.yaml	cfaf6a32cb29af9386ebc93b9db37388fcad99d3f8ee77a6d525f65be06ce8fb	v1alpha1	cluster/inlineManifests[name=e2sp-dup]/contents|yaml/stringData/password	effective	v1alpha1	cluster/inlineManifests[name=e2sp-dup#1]/contents|yaml/stringData/password	-
fixture	map	0	reg-auth	1	-	username	f1.yaml	235cdb655aa7041a3aa9e59dbfab2eef14f9beb41e32abdec0dc1a4c097f86b9	v1alpha1	machine/registries/config/registry.example.test/auth	effective	v1alpha1	machine/registries/config/registry.example.test/auth/username	-
fixture	map	0	reg-auth	1	-	password	f1.yaml	235cdb655aa7041a3aa9e59dbfab2eef14f9beb41e32abdec0dc1a4c097f86b9	v1alpha1	machine/registries/config/registry.example.test/auth	effective	v1alpha1	machine/registries/config/registry.example.test/auth/password	-
fixture	map-partial	0	reg-auth	1	-	username	f1.yaml	235cdb655aa7041a3aa9e59dbfab2eef14f9beb41e32abdec0dc1a4c097f86b9	v1alpha1	machine/registries/config/registry.example.test/auth	effective	v1alpha1	machine/registries/config/registry.example.test/auth/username	-
fixture	map-partial	0	reg-auth	1	-	password	f1.yaml	235cdb655aa7041a3aa9e59dbfab2eef14f9beb41e32abdec0dc1a4c097f86b9	v1alpha1	machine/registries/config/registry.example.test/auth	overridden	-	-	f2.yaml
fixture	moved-r1	0	reg-pass	1	-	-	f1.yaml	285a05982cec64d417d09846518cc3a45dc2814bbe0fe3ba9ee62eb234c7658c	v1alpha1	machine/registries/config/registry.example.test/auth/password	effective	v1alpha1	machine/registries/config/registry.example.test/auth/password	-
fixture	moved-r2	0	reg-pass	1	-	-	f1.yaml	65a5ec9ef4e72dcd351ae6e9a0caaaf4eae95d1846761fb76c0eef6e0266ee75	v1alpha1	machine/registries/config/mirror.example.test/auth/password	effective	v1alpha1	machine/registries/config/mirror.example.test/auth/password	-
fixture	override-literal	0	reg-pass	1	-	-	f1.yaml	61032feac965968ea8d614555d0739da0c6d0408dd7d7b248091e84c984a9da5	v1alpha1	machine/registries/config/registry.example.test/auth/password	overridden	-	-	f2.yaml
fixture	override-ref	0	reg-pass	1	-	-	f2.yaml	4905a7124e9a8e948893c6ceda672c8ed1a9c34000f8d15d3a66025edd21237d	v1alpha1	machine/registries/config/registry.example.test/auth/password	effective	v1alpha1	machine/registries/config/registry.example.test/auth/password	-
fixture	ref-over-ref	0	pass-a	1	-	-	f1.yaml	a1b7c0a0606b2440b4e7651a465c9d54fe78207a6a46efd6759b600f31047ac6	v1alpha1	machine/registries/config/registry.example.test/auth/password	overridden	-	-	f2.yaml
fixture	ref-over-ref	1	pass-b	1	-	-	f2.yaml	0c9064390e0d9d28f279b30dc1c00f0d2a38ed8527c7f60b14db30660405dba1	v1alpha1	machine/registries/config/registry.example.test/auth/password	effective	v1alpha1	machine/registries/config/registry.example.test/auth/password	-
fixture	rotate-r1	0	reg-pass	1	-	-	f1.yaml	285a05982cec64d417d09846518cc3a45dc2814bbe0fe3ba9ee62eb234c7658c	v1alpha1	machine/registries/config/registry.example.test/auth/password	effective	v1alpha1	machine/registries/config/registry.example.test/auth/password	-
fixture	rotate-r2	0	reg-pass	2	-	-	f1.yaml	285a05982cec64d417d09846518cc3a45dc2814bbe0fe3ba9ee62eb234c7658c	v1alpha1	machine/registries/config/registry.example.test/auth/password	effective	v1alpha1	machine/registries/config/registry.example.test/auth/password	-
fixture	string	0	reg-pass	1	-	-	f1.yaml	61032feac965968ea8d614555d0739da0c6d0408dd7d7b248091e84c984a9da5	v1alpha1	machine/registries/config/registry.example.test/auth/password	effective	v1alpha1	machine/registries/config/registry.example.test/auth/password	-
fixture	type-mismatch	0	prism-port	1	-	-	f1.yaml	e8f8830a6ffa7c97dccbe9d4e7d4c1f8108a68d9c606e4f3f2c27e41950b6ea8	v1alpha1	machine/features/kubePrism/port	not-composed	-	-	-
fixture	type-mismatch-two	0	api-port	1	-	-	f1.yaml	e1e4316ba3932aad5aebcf36ef1e25dfde3758341eb26cd8165db107f2cf0686	v1alpha1	cluster/controlPlane/localAPIServerPort	not-composed	-	-	-
fixture	type-mismatch-two	1	prism-port	1	-	-	f1.yaml	e1e4316ba3932aad5aebcf36ef1e25dfde3758341eb26cd8165db107f2cf0686	v1alpha1	machine/features/kubePrism/port	not-composed	-	-	-
fixture	unidentified-embedded	0	app-pass	1	-	-	f1.yaml	d6084559f3bfa34607f8e40761b7d931fd6b34423136a2ea0c24501172363525	v1alpha1	cluster/inlineManifests[name=e2-secret]/contents|yaml/stringData/password	unresolved	-	-	-
fixture	whole-content	0	script	1	-	-	f1.yaml	27ffebad857a35543777f0abf3eeb4619fbf2feddeb84e93a749e037e345dea9	v1alpha1	machine/files[path=/var/etc/e2sp/run.sh]/content	effective	v1alpha1	machine/files[path=/var/etc/e2sp/run.sh]/content	-
fixture	yaml-escape	0	reg-pass	1	-	-	f1.yaml	285a05982cec64d417d09846518cc3a45dc2814bbe0fe3ba9ee62eb234c7658c	v1alpha1	machine/registries/config/registry.example.test/auth/password	effective	v1alpha1	machine/registries/config/registry.example.test/auth/password	-
generated	alias	0	reg-secret	1	-	-	f1.yaml	7393ea0c2b2547448fa39800c2f56921f0d673557435508cb6c1d97f2ad9ccf2	v1alpha1	machine/registries/config/registry.example.test/auth/password	effective	v1alpha1	machine/registries/config/mirror.example.test/auth/password	-
generated	alias	0	reg-secret	1	-	-	f1.yaml	7393ea0c2b2547448fa39800c2f56921f0d673557435508cb6c1d97f2ad9ccf2	v1alpha1	machine/registries/config/registry.example.test/auth/password	effective	v1alpha1	machine/registries/config/registry.example.test/auth/password	-
generated	bool	0	wipe	1	-	-	f1.yaml	4543c78af26d03ab7e1343f0efd5ba387044dd8e3787074bad66158c48a02864	v1alpha1	machine/install/wipe	effective	v1alpha1	machine/install/wipe	-
generated	bytes	0	extra-ca	1	base64	-	f1.yaml	704449b820877d0b52c2b25ab6f34db09e3d272b3078cdbfc48e930f86a08ee9	v1alpha1	machine/acceptedCAs[0]/crt	effective	v1alpha1	machine/acceptedCAs[0]/crt	-
generated	collision	0	reg-pass	1	-	-	f2.yaml	0bbc5cb9de2299e6356e766e1363461a64b3ac27b20e21f30686ce4469647beb	v1alpha1	machine/registries/config/mirror.example.test/auth/password	effective	v1alpha1	machine/registries/config/mirror.example.test/auth/password	-
generated	delete	0	reg-pass	1	-	-	f1.yaml	285a05982cec64d417d09846518cc3a45dc2814bbe0fe3ba9ee62eb234c7658c	v1alpha1	machine/registries/config/registry.example.test/auth/password	overridden	-	-	f2.yaml
generated	document	0	roots	1	-	-	f1.yaml	c1af09f4783106f932b4feb79a1a105d132401f30d400b1df99617c50c159c59	TrustedRootsConfig/e2-roots	certificates	effective	TrustedRootsConfig/e2-roots	certificates	-
generated	duplicate-literal	0	reg-pass	1	-	-	f1.yaml	64e241a8cfb27a3a71510c11f03c4d96e5f28311dc263f7505d4419acc35c77a	v1alpha1	machine/registries/config/registry.example.test/auth/password	effective	v1alpha1	machine/registries/config/registry.example.test/auth/password	-
generated	embedded-json	0	app-token	1	-	-	f1.yaml	304565443a1027d3f6dbc626b4d7cf071c34cfa5e325335fbfc07aaf9feb6e04	v1alpha1	machine/files[path=/var/etc/e2/config.json]/content|json/token	effective	v1alpha1	machine/files[path=/var/etc/e2/config.json]/content|json/token	-
generated	embedded-yaml	0	app-pass	1	-	-	f1.yaml	d6084559f3bfa34607f8e40761b7d931fd6b34423136a2ea0c24501172363525	v1alpha1	cluster/inlineManifests[name=e2-secret]/contents|yaml/stringData/password	effective	v1alpha1	cluster/inlineManifests[name=e2-secret]/contents|yaml/stringData/password	-
generated	int	0	prism-port	1	-	-	f1.yaml	e8f8830a6ffa7c97dccbe9d4e7d4c1f8108a68d9c606e4f3f2c27e41950b6ea8	v1alpha1	machine/features/kubePrism/port	effective	v1alpha1	machine/features/kubePrism/port	-
generated	invalid-value	0	dns-domain	1	-	-	f1.yaml	7b017a225276a88918336c8484a131fb64436567e45111a16d0207f2cee1e240	v1alpha1	cluster/network/dnsDomain	effective	v1alpha1	cluster/network/dnsDomain	-
generated	list-append	0	manifest-url	1	-	-	f2.yaml	ff049cd32ef8b8eedffd69f4a3cd69fdbdc628b8baf497d0de0ffc32aad3f539	v1alpha1	cluster/extraManifests[0]	effective	v1alpha1	cluster/extraManifests[1]	-
generated	list-duplicate	0	dup-pass	1	-	-	f2.yaml	cfaf6a32cb29af9386ebc93b9db37388fcad99d3f8ee77a6d525f65be06ce8fb	v1alpha1	cluster/inlineManifests[name=e2sp-dup]/contents|yaml/stringData/password	effective	v1alpha1	cluster/inlineManifests[name=e2sp-dup#1]/contents|yaml/stringData/password	-
generated	map	0	reg-auth	1	-	username	f1.yaml	235cdb655aa7041a3aa9e59dbfab2eef14f9beb41e32abdec0dc1a4c097f86b9	v1alpha1	machine/registries/config/registry.example.test/auth	effective	v1alpha1	machine/registries/config/registry.example.test/auth/username	-
generated	map	0	reg-auth	1	-	password	f1.yaml	235cdb655aa7041a3aa9e59dbfab2eef14f9beb41e32abdec0dc1a4c097f86b9	v1alpha1	machine/registries/config/registry.example.test/auth	effective	v1alpha1	machine/registries/config/registry.example.test/auth/password	-
generated	map-partial	0	reg-auth	1	-	username	f1.yaml	235cdb655aa7041a3aa9e59dbfab2eef14f9beb41e32abdec0dc1a4c097f86b9	v1alpha1	machine/registries/config/registry.example.test/auth	effective	v1alpha1	machine/registries/config/registry.example.test/auth/username	-
generated	map-partial	0	reg-auth	1	-	password	f1.yaml	235cdb655aa7041a3aa9e59dbfab2eef14f9beb41e32abdec0dc1a4c097f86b9	v1alpha1	machine/registries/config/registry.example.test/auth	overridden	-	-	f2.yaml
generated	moved-r1	0	reg-pass	1	-	-	f1.yaml	285a05982cec64d417d09846518cc3a45dc2814bbe0fe3ba9ee62eb234c7658c	v1alpha1	machine/registries/config/registry.example.test/auth/password	effective	v1alpha1	machine/registries/config/registry.example.test/auth/password	-
generated	moved-r2	0	reg-pass	1	-	-	f1.yaml	65a5ec9ef4e72dcd351ae6e9a0caaaf4eae95d1846761fb76c0eef6e0266ee75	v1alpha1	machine/registries/config/mirror.example.test/auth/password	effective	v1alpha1	machine/registries/config/mirror.example.test/auth/password	-
generated	override-literal	0	reg-pass	1	-	-	f1.yaml	61032feac965968ea8d614555d0739da0c6d0408dd7d7b248091e84c984a9da5	v1alpha1	machine/registries/config/registry.example.test/auth/password	overridden	-	-	f2.yaml
generated	override-ref	0	reg-pass	1	-	-	f2.yaml	4905a7124e9a8e948893c6ceda672c8ed1a9c34000f8d15d3a66025edd21237d	v1alpha1	machine/registries/config/registry.example.test/auth/password	effective	v1alpha1	machine/registries/config/registry.example.test/auth/password	-
generated	ref-over-ref	0	pass-a	1	-	-	f1.yaml	a1b7c0a0606b2440b4e7651a465c9d54fe78207a6a46efd6759b600f31047ac6	v1alpha1	machine/registries/config/registry.example.test/auth/password	overridden	-	-	f2.yaml
generated	ref-over-ref	1	pass-b	1	-	-	f2.yaml	0c9064390e0d9d28f279b30dc1c00f0d2a38ed8527c7f60b14db30660405dba1	v1alpha1	machine/registries/config/registry.example.test/auth/password	effective	v1alpha1	machine/registries/config/registry.example.test/auth/password	-
generated	rotate-r1	0	reg-pass	1	-	-	f1.yaml	285a05982cec64d417d09846518cc3a45dc2814bbe0fe3ba9ee62eb234c7658c	v1alpha1	machine/registries/config/registry.example.test/auth/password	effective	v1alpha1	machine/registries/config/registry.example.test/auth/password	-
generated	rotate-r2	0	reg-pass	2	-	-	f1.yaml	285a05982cec64d417d09846518cc3a45dc2814bbe0fe3ba9ee62eb234c7658c	v1alpha1	machine/registries/config/registry.example.test/auth/password	effective	v1alpha1	machine/registries/config/registry.example.test/auth/password	-
generated	string	0	reg-pass	1	-	-	f1.yaml	61032feac965968ea8d614555d0739da0c6d0408dd7d7b248091e84c984a9da5	v1alpha1	machine/registries/config/registry.example.test/auth/password	effective	v1alpha1	machine/registries/config/registry.example.test/auth/password	-
generated	type-mismatch	0	prism-port	1	-	-	f1.yaml	e8f8830a6ffa7c97dccbe9d4e7d4c1f8108a68d9c606e4f3f2c27e41950b6ea8	v1alpha1	machine/features/kubePrism/port	not-composed	-	-	-
generated	type-mismatch-two	0	api-port	1	-	-	f1.yaml	e1e4316ba3932aad5aebcf36ef1e25dfde3758341eb26cd8165db107f2cf0686	v1alpha1	cluster/controlPlane/localAPIServerPort	not-composed	-	-	-
generated	type-mismatch-two	1	prism-port	1	-	-	f1.yaml	e1e4316ba3932aad5aebcf36ef1e25dfde3758341eb26cd8165db107f2cf0686	v1alpha1	machine/features/kubePrism/port	not-composed	-	-	-
generated	unidentified-embedded	0	app-pass	1	-	-	f1.yaml	d6084559f3bfa34607f8e40761b7d931fd6b34423136a2ea0c24501172363525	v1alpha1	cluster/inlineManifests[name=e2-secret]/contents|yaml/stringData/password	unresolved	-	-	-
generated	whole-content	0	script	1	-	-	f1.yaml	27ffebad857a35543777f0abf3eeb4619fbf2feddeb84e93a749e037e345dea9	v1alpha1	machine/files[path=/var/etc/e2sp/run.sh]/content	effective	v1alpha1	machine/files[path=/var/etc/e2sp/run.sh]/content	-
generated	yaml-escape	0	reg-pass	1	-	-	f1.yaml	285a05982cec64d417d09846518cc3a45dc2814bbe0fe3ba9ee62eb234c7658c	v1alpha1	machine/registries/config/registry.example.test/auth/password	effective	v1alpha1	machine/registries/config/registry.example.test/auth/password	-
