# Every gRPC method of the Talos API services in the pinned modules (talos machinery v1.13.6, cosi
# runtime v1.14.1), as apid logs it, and its class: mutating when it changes a node, its
# workloads or its etcd member, issues a credential (HealthCheck mints an admin certificate on the
# node for its own checks), or the read-only guard denies it (a packet capture); read otherwise. scenarios/s1 counts the
# mutating ones in a node's apid log. internal/talos's TestTalosAPIMethods holds this file to the
# modules' service descriptors (one row per method, none extra) and to the read-only guard's
# denied list (every method it denies is mutating).
cluster.ClusterService/HealthCheck	mutating
cosi.resource.State/Create	mutating
cosi.resource.State/Destroy	mutating
cosi.resource.State/Get	read
cosi.resource.State/List	read
cosi.resource.State/Update	mutating
cosi.resource.State/Watch	read
inspect.InspectService/ControllerRuntimeDependencies	read
machine.DebugService/ContainerRun	mutating
machine.ImageService/Import	mutating
machine.ImageService/List	read
machine.ImageService/Pull	mutating
machine.ImageService/Remove	mutating
machine.ImageService/Verify	read
machine.LifecycleService/Install	mutating
machine.LifecycleService/Upgrade	mutating
machine.MachineService/ApplyConfiguration	mutating
machine.MachineService/Bootstrap	mutating
machine.MachineService/CPUFreqStats	read
machine.MachineService/CPUInfo	read
machine.MachineService/Containers	read
machine.MachineService/Copy	read
machine.MachineService/DiskStats	read
machine.MachineService/DiskUsage	read
machine.MachineService/Dmesg	read
machine.MachineService/EtcdAlarmDisarm	mutating
machine.MachineService/EtcdAlarmList	read
machine.MachineService/EtcdDefragment	mutating
machine.MachineService/EtcdDowngradeCancel	mutating
machine.MachineService/EtcdDowngradeEnable	mutating
machine.MachineService/EtcdDowngradeValidate	read
machine.MachineService/EtcdForfeitLeadership	mutating
machine.MachineService/EtcdLeaveCluster	mutating
machine.MachineService/EtcdMemberList	read
machine.MachineService/EtcdRecover	mutating
machine.MachineService/EtcdRemoveMemberByID	mutating
machine.MachineService/EtcdSnapshot	read
machine.MachineService/EtcdStatus	read
machine.MachineService/Events	read
machine.MachineService/GenerateClientConfiguration	mutating
machine.MachineService/Hostname	read
machine.MachineService/ImageList	read
machine.MachineService/ImagePull	mutating
machine.MachineService/Kubeconfig	mutating
machine.MachineService/List	read
machine.MachineService/LoadAvg	read
machine.MachineService/Logs	read
machine.MachineService/LogsContainers	read
machine.MachineService/Memory	read
machine.MachineService/MetaDelete	mutating
machine.MachineService/MetaWrite	mutating
machine.MachineService/Mounts	read
machine.MachineService/Netstat	read
machine.MachineService/NetworkDeviceStats	read
machine.MachineService/PacketCapture	mutating
machine.MachineService/Processes	read
machine.MachineService/Read	read
machine.MachineService/Reboot	mutating
machine.MachineService/Reset	mutating
machine.MachineService/Restart	mutating
machine.MachineService/Rollback	mutating
machine.MachineService/ServiceList	read
machine.MachineService/ServiceRestart	mutating
machine.MachineService/ServiceStart	mutating
machine.MachineService/ServiceStop	mutating
machine.MachineService/Shutdown	mutating
machine.MachineService/Stats	read
machine.MachineService/SystemStat	read
machine.MachineService/Upgrade	mutating
machine.MachineService/Version	read
securityapi.SecurityService/Certificate	mutating
storage.StorageService/BlockDeviceWipe	mutating
storage.StorageService/Disks	read
time.TimeService/Time	read
time.TimeService/TimeCheck	read
